[debug] [2025-02-13T20:33:41.183Z] ----------------------------------------------------------------------
[debug] [2025-02-13T20:33:41.185Z] Command:       /home/german/.nvm/versions/node/v20.14.0/bin/node /home/german/.nvm/versions/node/v20.14.0/bin/firebase serve --only functions
[debug] [2025-02-13T20:33:41.186Z] CLI Version:   13.29.2
[debug] [2025-02-13T20:33:41.186Z] Platform:      linux
[debug] [2025-02-13T20:33:41.186Z] Node Version:  v20.14.0
[debug] [2025-02-13T20:33:41.186Z] Time:          Thu Feb 13 2025 17:33:41 GMT-0300 (Argentina Standard Time)
[debug] [2025-02-13T20:33:41.186Z] ----------------------------------------------------------------------
[debug] 
[debug] [2025-02-13T20:33:41.374Z] > command requires scopes: ["email","openid","https://www.googleapis.com/auth/cloudplatformprojects.readonly","https://www.googleapis.com/auth/firebase","https://www.googleapis.com/auth/cloud-platform"]
[debug] [2025-02-13T20:33:41.375Z] > authorizing via signed-in user (german.1990.cuevas@gmail.com)
[debug] [2025-02-13T20:33:41.375Z] [iam] checking project date-in-latam for permissions ["firebase.projects.get"]
[debug] [2025-02-13T20:33:41.376Z] Checked if tokens are valid: true, expires at: 1739482335315
[debug] [2025-02-13T20:33:41.376Z] Checked if tokens are valid: true, expires at: 1739482335315
[debug] [2025-02-13T20:33:41.377Z] >>> [apiv2][query] POST https://cloudresourcemanager.googleapis.com/v1/projects/date-in-latam:testIamPermissions [none]
[debug] [2025-02-13T20:33:41.377Z] >>> [apiv2][(partial)header] POST https://cloudresourcemanager.googleapis.com/v1/projects/date-in-latam:testIamPermissions x-goog-quota-user=projects/date-in-latam
[debug] [2025-02-13T20:33:41.377Z] >>> [apiv2][body] POST https://cloudresourcemanager.googleapis.com/v1/projects/date-in-latam:testIamPermissions {"permissions":["firebase.projects.get"]}
[debug] [2025-02-13T20:33:42.289Z] <<< [apiv2][status] POST https://cloudresourcemanager.googleapis.com/v1/projects/date-in-latam:testIamPermissions 200
[debug] [2025-02-13T20:33:42.289Z] <<< [apiv2][body] POST https://cloudresourcemanager.googleapis.com/v1/projects/date-in-latam:testIamPermissions {"permissions":["firebase.projects.get"]}
[debug] [2025-02-13T20:33:42.290Z] Checked if tokens are valid: true, expires at: 1739482335315
[debug] [2025-02-13T20:33:42.290Z] Checked if tokens are valid: true, expires at: 1739482335315
[debug] [2025-02-13T20:33:42.290Z] >>> [apiv2][query] GET https://cloudresourcemanager.googleapis.com/v1/projects/date-in-latam [none]
[debug] [2025-02-13T20:33:42.503Z] <<< [apiv2][status] GET https://cloudresourcemanager.googleapis.com/v1/projects/date-in-latam 200
[debug] [2025-02-13T20:33:42.503Z] <<< [apiv2][body] GET https://cloudresourcemanager.googleapis.com/v1/projects/date-in-latam {"projectNumber":"231574351646","projectId":"date-in-latam","lifecycleState":"ACTIVE","name":"date-in-latam","labels":{"firebase":"enabled"},"createTime":"2024-09-06T02:52:57.285642Z"}
[debug] [2025-02-13T20:33:42.504Z] defaultcredentials: writing to file /home/german/.config/firebase/german_1990.cuevas_gmail.com_application_default_credentials.json
[debug] [2025-02-13T20:33:42.506Z] Setting GAC to /home/german/.config/firebase/german_1990.cuevas_gmail.com_application_default_credentials.json {"metadata":{"emulator":{"name":"functions"},"message":"Setting GAC to /home/german/.config/firebase/german_1990.cuevas_gmail.com_application_default_credentials.json"}}
[debug] [2025-02-13T20:33:42.506Z] Checked if tokens are valid: true, expires at: 1739482335315
[debug] [2025-02-13T20:33:42.506Z] Checked if tokens are valid: true, expires at: 1739482335315
[debug] [2025-02-13T20:33:42.507Z] >>> [apiv2][query] GET https://firebase.googleapis.com/v1beta1/projects/date-in-latam/adminSdkConfig [none]
[debug] [2025-02-13T20:33:42.932Z] <<< [apiv2][status] GET https://firebase.googleapis.com/v1beta1/projects/date-in-latam/adminSdkConfig 200
[debug] [2025-02-13T20:33:42.932Z] <<< [apiv2][body] GET https://firebase.googleapis.com/v1beta1/projects/date-in-latam/adminSdkConfig {"projectId":"date-in-latam","storageBucket":"date-in-latam.firebasestorage.app"}
[info] i  functions: Watching "/home/german/Archives/date-in-latam/functions" for Cloud Functions... {"metadata":{"emulator":{"name":"functions"},"message":"Watching \"/home/german/Archives/date-in-latam/functions\" for Cloud Functions..."}}
[debug] [2025-02-13T20:33:42.946Z] Validating nodejs source
[warn] ⚠  functions: package.json indicates an outdated version of firebase-functions. Please upgrade using npm install --save firebase-functions@latest in your functions directory. 
[debug] [2025-02-13T20:33:43.470Z] > [functions] package.json contents: {
  "name": "functions",
  "scripts": {
    "lint": "eslint --ext .js,.ts .",
    "build": "tsc",
    "build:watch": "tsc --watch",
    "serve": "npm run build && firebase emulators:start --only functions",
    "shell": "npm run build && firebase functions:shell",
    "start": "npm run shell",
    "deploy": "firebase deploy --only functions",
    "logs": "firebase functions:log"
  },
  "engines": {
    "node": "22"
  },
  "main": "lib/index.js",
  "dependencies": {
    "firebase-admin": "^12.6.0",
    "firebase-functions": "^6.0.1"
  },
  "devDependencies": {
    "@typescript-eslint/eslint-plugin": "^5.12.0",
    "@typescript-eslint/parser": "^5.12.0",
    "eslint": "^8.9.0",
    "eslint-config-google": "^0.14.0",
    "eslint-plugin-import": "^2.25.4",
    "firebase-functions-test": "^3.1.0",
    "typescript": "^4.9.0"
  },
  "private": true
}
[debug] [2025-02-13T20:33:43.470Z] Building nodejs source
[debug] [2025-02-13T20:33:43.471Z] Failed to find version of module node: reached end of search path /home/german/Archives/date-in-latam/functions/node_modules
[warn] ⚠  functions: Your requested "node" version "22" doesn't match your global version "20". Using node@20 from host. 
[debug] [2025-02-13T20:33:43.474Z] Could not find functions.yaml. Must use http discovery
[debug] [2025-02-13T20:33:43.476Z] Found firebase-functions binary at '/home/german/Archives/date-in-latam/functions/node_modules/.bin/firebase-functions'
[info] Serving at port 8897

[debug] [2025-02-13T20:33:43.647Z] Got response from /__/functions.yaml {"endpoints":{"addUser":{"availableMemoryMb":null,"timeoutSeconds":null,"minInstances":null,"maxInstances":null,"ingressSettings":null,"concurrency":null,"serviceAccountEmail":null,"vpc":null,"platform":"gcfv2","labels":{},"httpsTrigger":{},"entryPoint":"addUser"}},"specVersion":"v1alpha1","requiredAPIs":[],"extensions":{}}
[info] ✔  functions: Loaded functions definitions from source: addUser. {"metadata":{"emulator":{"name":"functions"},"message":"Loaded functions definitions from source: addUser."}}
[info] ✔  functions[us-central1-addUser]: http function initialized (http://localhost:5000/date-in-latam/us-central1/addUser). {"metadata":{"emulator":{"name":"functions"},"message":"\u001b[1mhttp\u001b[22m function initialized (http://localhost:5000/date-in-latam/us-central1/addUser)."}}
[debug] [2025-02-13T20:34:25.969Z] File /home/german/Archives/date-in-latam/functions/src/addUser.ts changed, reloading triggers {"metadata":{"emulator":{"name":"functions"},"message":"File /home/german/Archives/date-in-latam/functions/src/addUser.ts changed, reloading triggers"}}
[debug] [2025-02-13T20:34:26.265Z] File /home/german/Archives/date-in-latam/functions/lib/addUser.js.map changed, reloading triggers {"metadata":{"emulator":{"name":"functions"},"message":"File /home/german/Archives/date-in-latam/functions/lib/addUser.js.map changed, reloading triggers"}}
[debug] [2025-02-13T20:34:26.265Z] File /home/german/Archives/date-in-latam/functions/lib/addUser.js changed, reloading triggers {"metadata":{"emulator":{"name":"functions"},"message":"File /home/german/Archives/date-in-latam/functions/lib/addUser.js changed, reloading triggers"}}
[debug] [2025-02-13T20:34:26.267Z] File /home/german/Archives/date-in-latam/functions/lib/index.js.map changed, reloading triggers {"metadata":{"emulator":{"name":"functions"},"message":"File /home/german/Archives/date-in-latam/functions/lib/index.js.map changed, reloading triggers"}}
[debug] [2025-02-13T20:34:26.267Z] File /home/german/Archives/date-in-latam/functions/lib/index.js changed, reloading triggers {"metadata":{"emulator":{"name":"functions"},"message":"File /home/german/Archives/date-in-latam/functions/lib/index.js changed, reloading triggers"}}
[debug] [2025-02-13T20:34:27.268Z] Validating nodejs source
[warn] ⚠  functions: package.json indicates an outdated version of firebase-functions. Please upgrade using npm install --save firebase-functions@latest in your functions directory. 
[debug] [2025-02-13T20:34:27.755Z] > [functions] package.json contents: {
  "name": "functions",
  "scripts": {
    "lint": "eslint --ext .js,.ts .",
    "build": "tsc",
    "build:watch": "tsc --watch",
    "serve": "npm run build && firebase emulators:start --only functions",
    "shell": "npm run build && firebase functions:shell",
    "start": "npm run shell",
    "deploy": "firebase deploy --only functions",
    "logs": "firebase functions:log"
  },
  "engines": {
    "node": "22"
  },
  "main": "lib/index.js",
  "dependencies": {
    "firebase-admin": "^12.6.0",
    "firebase-functions": "^6.0.1"
  },
  "devDependencies": {
    "@typescript-eslint/eslint-plugin": "^5.12.0",
    "@typescript-eslint/parser": "^5.12.0",
    "eslint": "^8.9.0",
    "eslint-config-google": "^0.14.0",
    "eslint-plugin-import": "^2.25.4",
    "firebase-functions-test": "^3.1.0",
    "typescript": "^4.9.0"
  },
  "private": true
}
[debug] [2025-02-13T20:34:27.755Z] Building nodejs source
[debug] [2025-02-13T20:34:27.755Z] Failed to find version of module node: reached end of search path /home/german/Archives/date-in-latam/functions/node_modules
[warn] ⚠  functions: Your requested "node" version "22" doesn't match your global version "20". Using node@20 from host. 
[debug] [2025-02-13T20:34:27.756Z] Could not find functions.yaml. Must use http discovery
[debug] [2025-02-13T20:34:27.757Z] Found firebase-functions binary at '/home/german/Archives/date-in-latam/functions/node_modules/.bin/firebase-functions'
[info] Serving at port 8279

[debug] [2025-02-13T20:34:27.912Z] Got response from /__/functions.yaml {"endpoints":{"addUser":{"availableMemoryMb":null,"timeoutSeconds":null,"minInstances":null,"maxInstances":null,"ingressSettings":null,"concurrency":null,"serviceAccountEmail":null,"vpc":null,"platform":"gcfv2","labels":{},"httpsTrigger":{},"entryPoint":"addUser"}},"specVersion":"v1alpha1","requiredAPIs":[],"extensions":{}}
[info] ✔  functions: Loaded functions definitions from source: addUser. {"metadata":{"emulator":{"name":"functions"},"message":"Loaded functions definitions from source: addUser."}}
[debug] [2025-02-13T20:34:47.339Z] File /home/german/Archives/date-in-latam/functions/src/addUser.ts changed, reloading triggers {"metadata":{"emulator":{"name":"functions"},"message":"File /home/german/Archives/date-in-latam/functions/src/addUser.ts changed, reloading triggers"}}
[debug] [2025-02-13T20:34:47.663Z] File /home/german/Archives/date-in-latam/functions/lib/addUser.js.map changed, reloading triggers {"metadata":{"emulator":{"name":"functions"},"message":"File /home/german/Archives/date-in-latam/functions/lib/addUser.js.map changed, reloading triggers"}}
[debug] [2025-02-13T20:34:47.663Z] File /home/german/Archives/date-in-latam/functions/lib/addUser.js changed, reloading triggers {"metadata":{"emulator":{"name":"functions"},"message":"File /home/german/Archives/date-in-latam/functions/lib/addUser.js changed, reloading triggers"}}
[debug] [2025-02-13T20:34:48.664Z] Validating nodejs source
[warn] ⚠  functions: package.json indicates an outdated version of firebase-functions. Please upgrade using npm install --save firebase-functions@latest in your functions directory. 
[debug] [2025-02-13T20:34:49.313Z] > [functions] package.json contents: {
  "name": "functions",
  "scripts": {
    "lint": "eslint --ext .js,.ts .",
    "build": "tsc",
    "build:watch": "tsc --watch",
    "serve": "npm run build && firebase emulators:start --only functions",
    "shell": "npm run build && firebase functions:shell",
    "start": "npm run shell",
    "deploy": "firebase deploy --only functions",
    "logs": "firebase functions:log"
  },
  "engines": {
    "node": "22"
  },
  "main": "lib/index.js",
  "dependencies": {
    "firebase-admin": "^12.6.0",
    "firebase-functions": "^6.0.1"
  },
  "devDependencies": {
    "@typescript-eslint/eslint-plugin": "^5.12.0",
    "@typescript-eslint/parser": "^5.12.0",
    "eslint": "^8.9.0",
    "eslint-config-google": "^0.14.0",
    "eslint-plugin-import": "^2.25.4",
    "firebase-functions-test": "^3.1.0",
    "typescript": "^4.9.0"
  },
  "private": true
}
[debug] [2025-02-13T20:34:49.313Z] Building nodejs source
[debug] [2025-02-13T20:34:49.314Z] Failed to find version of module node: reached end of search path /home/german/Archives/date-in-latam/functions/node_modules
[warn] ⚠  functions: Your requested "node" version "22" doesn't match your global version "20". Using node@20 from host. 
[debug] [2025-02-13T20:34:49.314Z] Could not find functions.yaml. Must use http discovery
[debug] [2025-02-13T20:34:49.315Z] Found firebase-functions binary at '/home/german/Archives/date-in-latam/functions/node_modules/.bin/firebase-functions'
[info] Serving at port 8415

[debug] [2025-02-13T20:34:49.494Z] Got response from /__/functions.yaml {"endpoints":{"addUser":{"availableMemoryMb":null,"timeoutSeconds":null,"minInstances":null,"maxInstances":null,"ingressSettings":null,"concurrency":null,"serviceAccountEmail":null,"vpc":null,"platform":"gcfv2","labels":{},"httpsTrigger":{},"entryPoint":"addUser"}},"specVersion":"v1alpha1","requiredAPIs":[],"extensions":{}}
[debug] [2025-02-13T20:34:50.259Z] File /home/german/Archives/date-in-latam/functions/src/addUser.ts changed, reloading triggers {"metadata":{"emulator":{"name":"functions"},"message":"File /home/german/Archives/date-in-latam/functions/src/addUser.ts changed, reloading triggers"}}
[debug] [2025-02-13T20:34:50.542Z] File /home/german/Archives/date-in-latam/functions/lib/addUser.js.map changed, reloading triggers {"metadata":{"emulator":{"name":"functions"},"message":"File /home/german/Archives/date-in-latam/functions/lib/addUser.js.map changed, reloading triggers"}}
[debug] [2025-02-13T20:34:50.542Z] File /home/german/Archives/date-in-latam/functions/lib/addUser.js changed, reloading triggers {"metadata":{"emulator":{"name":"functions"},"message":"File /home/german/Archives/date-in-latam/functions/lib/addUser.js changed, reloading triggers"}}
[debug] [2025-02-13T20:34:51.544Z] Validating nodejs source
[warn] ⚠  functions: package.json indicates an outdated version of firebase-functions. Please upgrade using npm install --save firebase-functions@latest in your functions directory. 
[debug] [2025-02-13T20:34:52.061Z] > [functions] package.json contents: {
  "name": "functions",
  "scripts": {
    "lint": "eslint --ext .js,.ts .",
    "build": "tsc",
    "build:watch": "tsc --watch",
    "serve": "npm run build && firebase emulators:start --only functions",
    "shell": "npm run build && firebase functions:shell",
    "start": "npm run shell",
    "deploy": "firebase deploy --only functions",
    "logs": "firebase functions:log"
  },
  "engines": {
    "node": "22"
  },
  "main": "lib/index.js",
  "dependencies": {
    "firebase-admin": "^12.6.0",
    "firebase-functions": "^6.0.1"
  },
  "devDependencies": {
    "@typescript-eslint/eslint-plugin": "^5.12.0",
    "@typescript-eslint/parser": "^5.12.0",
    "eslint": "^8.9.0",
    "eslint-config-google": "^0.14.0",
    "eslint-plugin-import": "^2.25.4",
    "firebase-functions-test": "^3.1.0",
    "typescript": "^4.9.0"
  },
  "private": true
}
[debug] [2025-02-13T20:34:52.061Z] Building nodejs source
[debug] [2025-02-13T20:34:52.061Z] Failed to find version of module node: reached end of search path /home/german/Archives/date-in-latam/functions/node_modules
[warn] ⚠  functions: Your requested "node" version "22" doesn't match your global version "20". Using node@20 from host. 
[debug] [2025-02-13T20:34:52.062Z] Could not find functions.yaml. Must use http discovery
[debug] [2025-02-13T20:34:52.063Z] Found firebase-functions binary at '/home/german/Archives/date-in-latam/functions/node_modules/.bin/firebase-functions'
[info] Serving at port 8125

[debug] [2025-02-13T20:34:52.220Z] Got response from /__/functions.yaml {"endpoints":{"addUser":{"availableMemoryMb":null,"timeoutSeconds":null,"minInstances":null,"maxInstances":null,"ingressSettings":null,"concurrency":null,"serviceAccountEmail":null,"vpc":null,"platform":"gcfv2","labels":{},"httpsTrigger":{},"entryPoint":"addUser"}},"specVersion":"v1alpha1","requiredAPIs":[],"extensions":{}}
[info] ✔  functions: Loaded functions definitions from source: addUser. {"metadata":{"emulator":{"name":"functions"},"message":"Loaded functions definitions from source: addUser."}}
[debug] [2025-02-13T20:34:56.065Z] File /home/german/Archives/date-in-latam/functions/src/addUser.ts changed, reloading triggers {"metadata":{"emulator":{"name":"functions"},"message":"File /home/german/Archives/date-in-latam/functions/src/addUser.ts changed, reloading triggers"}}
[debug] [2025-02-13T20:34:56.350Z] File /home/german/Archives/date-in-latam/functions/lib/addUser.js.map changed, reloading triggers {"metadata":{"emulator":{"name":"functions"},"message":"File /home/german/Archives/date-in-latam/functions/lib/addUser.js.map changed, reloading triggers"}}
[debug] [2025-02-13T20:34:56.350Z] File /home/german/Archives/date-in-latam/functions/lib/addUser.js changed, reloading triggers {"metadata":{"emulator":{"name":"functions"},"message":"File /home/german/Archives/date-in-latam/functions/lib/addUser.js changed, reloading triggers"}}
[info] ✔  functions: Loaded functions definitions from source: addUser. {"metadata":{"emulator":{"name":"functions"},"message":"Loaded functions definitions from source: addUser."}}
[debug] [2025-02-13T20:34:57.352Z] Validating nodejs source
[warn] ⚠  functions: package.json indicates an outdated version of firebase-functions. Please upgrade using npm install --save firebase-functions@latest in your functions directory. 
[debug] [2025-02-13T20:34:57.879Z] > [functions] package.json contents: {
  "name": "functions",
  "scripts": {
    "lint": "eslint --ext .js,.ts .",
    "build": "tsc",
    "build:watch": "tsc --watch",
    "serve": "npm run build && firebase emulators:start --only functions",
    "shell": "npm run build && firebase functions:shell",
    "start": "npm run shell",
    "deploy": "firebase deploy --only functions",
    "logs": "firebase functions:log"
  },
  "engines": {
    "node": "22"
  },
  "main": "lib/index.js",
  "dependencies": {
    "firebase-admin": "^12.6.0",
    "firebase-functions": "^6.0.1"
  },
  "devDependencies": {
    "@typescript-eslint/eslint-plugin": "^5.12.0",
    "@typescript-eslint/parser": "^5.12.0",
    "eslint": "^8.9.0",
    "eslint-config-google": "^0.14.0",
    "eslint-plugin-import": "^2.25.4",
    "firebase-functions-test": "^3.1.0",
    "typescript": "^4.9.0"
  },
  "private": true
}
[debug] [2025-02-13T20:34:57.879Z] Building nodejs source
[debug] [2025-02-13T20:34:57.879Z] Failed to find version of module node: reached end of search path /home/german/Archives/date-in-latam/functions/node_modules
[warn] ⚠  functions: Your requested "node" version "22" doesn't match your global version "20". Using node@20 from host. 
[debug] [2025-02-13T20:34:57.879Z] Could not find functions.yaml. Must use http discovery
[debug] [2025-02-13T20:34:57.880Z] Found firebase-functions binary at '/home/german/Archives/date-in-latam/functions/node_modules/.bin/firebase-functions'
[debug] [2025-02-13T20:34:57.883Z] File /home/german/Archives/date-in-latam/functions/src/addUser.ts changed, reloading triggers {"metadata":{"emulator":{"name":"functions"},"message":"File /home/german/Archives/date-in-latam/functions/src/addUser.ts changed, reloading triggers"}}
[debug] [2025-02-13T20:34:57.883Z] File /home/german/Archives/date-in-latam/functions/lib/addUser.js.map changed, reloading triggers {"metadata":{"emulator":{"name":"functions"},"message":"File /home/german/Archives/date-in-latam/functions/lib/addUser.js.map changed, reloading triggers"}}
[debug] [2025-02-13T20:34:57.883Z] File /home/german/Archives/date-in-latam/functions/lib/addUser.js changed, reloading triggers {"metadata":{"emulator":{"name":"functions"},"message":"File /home/german/Archives/date-in-latam/functions/lib/addUser.js changed, reloading triggers"}}
[info] Serving at port 8040

[debug] [2025-02-13T20:34:58.041Z] Got response from /__/functions.yaml {"endpoints":{"addUser":{"availableMemoryMb":null,"timeoutSeconds":null,"minInstances":null,"maxInstances":null,"ingressSettings":null,"concurrency":null,"serviceAccountEmail":null,"vpc":null,"platform":"gcfv2","labels":{},"httpsTrigger":{},"entryPoint":"addUser"}},"specVersion":"v1alpha1","requiredAPIs":[],"extensions":{}}
[debug] [2025-02-13T20:34:58.885Z] Validating nodejs source
[warn] ⚠  functions: package.json indicates an outdated version of firebase-functions. Please upgrade using npm install --save firebase-functions@latest in your functions directory. 
[debug] [2025-02-13T20:34:59.469Z] > [functions] package.json contents: {
  "name": "functions",
  "scripts": {
    "lint": "eslint --ext .js,.ts .",
    "build": "tsc",
    "build:watch": "tsc --watch",
    "serve": "npm run build && firebase emulators:start --only functions",
    "shell": "npm run build && firebase functions:shell",
    "start": "npm run shell",
    "deploy": "firebase deploy --only functions",
    "logs": "firebase functions:log"
  },
  "engines": {
    "node": "22"
  },
  "main": "lib/index.js",
  "dependencies": {
    "firebase-admin": "^12.6.0",
    "firebase-functions": "^6.0.1"
  },
  "devDependencies": {
    "@typescript-eslint/eslint-plugin": "^5.12.0",
    "@typescript-eslint/parser": "^5.12.0",
    "eslint": "^8.9.0",
    "eslint-config-google": "^0.14.0",
    "eslint-plugin-import": "^2.25.4",
    "firebase-functions-test": "^3.1.0",
    "typescript": "^4.9.0"
  },
  "private": true
}
[debug] [2025-02-13T20:34:59.470Z] Building nodejs source
[debug] [2025-02-13T20:34:59.470Z] Failed to find version of module node: reached end of search path /home/german/Archives/date-in-latam/functions/node_modules
[warn] ⚠  functions: Your requested "node" version "22" doesn't match your global version "20". Using node@20 from host. 
[debug] [2025-02-13T20:34:59.470Z] Could not find functions.yaml. Must use http discovery
[debug] [2025-02-13T20:34:59.471Z] Found firebase-functions binary at '/home/german/Archives/date-in-latam/functions/node_modules/.bin/firebase-functions'
[info] Serving at port 8341

[debug] [2025-02-13T20:34:59.679Z] Got response from /__/functions.yaml {"endpoints":{"addUser":{"availableMemoryMb":null,"timeoutSeconds":null,"minInstances":null,"maxInstances":null,"ingressSettings":null,"concurrency":null,"serviceAccountEmail":null,"vpc":null,"platform":"gcfv2","labels":{},"httpsTrigger":{},"entryPoint":"addUser"}},"specVersion":"v1alpha1","requiredAPIs":[],"extensions":{}}
[debug] [2025-02-13T20:35:01.977Z] File /home/german/Archives/date-in-latam/functions/src/addUser.ts changed, reloading triggers {"metadata":{"emulator":{"name":"functions"},"message":"File /home/german/Archives/date-in-latam/functions/src/addUser.ts changed, reloading triggers"}}
[debug] [2025-02-13T20:35:02.253Z] File /home/german/Archives/date-in-latam/functions/lib/addUser.js.map changed, reloading triggers {"metadata":{"emulator":{"name":"functions"},"message":"File /home/german/Archives/date-in-latam/functions/lib/addUser.js.map changed, reloading triggers"}}
[debug] [2025-02-13T20:35:02.253Z] File /home/german/Archives/date-in-latam/functions/lib/addUser.js changed, reloading triggers {"metadata":{"emulator":{"name":"functions"},"message":"File /home/german/Archives/date-in-latam/functions/lib/addUser.js changed, reloading triggers"}}
[info] ✔  functions: Loaded functions definitions from source: addUser. {"metadata":{"emulator":{"name":"functions"},"message":"Loaded functions definitions from source: addUser."}}
[debug] [2025-02-13T20:35:03.254Z] Validating nodejs source
[warn] ⚠  functions: package.json indicates an outdated version of firebase-functions. Please upgrade using npm install --save firebase-functions@latest in your functions directory. 
[debug] [2025-02-13T20:35:03.781Z] > [functions] package.json contents: {
  "name": "functions",
  "scripts": {
    "lint": "eslint --ext .js,.ts .",
    "build": "tsc",
    "build:watch": "tsc --watch",
    "serve": "npm run build && firebase emulators:start --only functions",
    "shell": "npm run build && firebase functions:shell",
    "start": "npm run shell",
    "deploy": "firebase deploy --only functions",
    "logs": "firebase functions:log"
  },
  "engines": {
    "node": "22"
  },
  "main": "lib/index.js",
  "dependencies": {
    "firebase-admin": "^12.6.0",
    "firebase-functions": "^6.0.1"
  },
  "devDependencies": {
    "@typescript-eslint/eslint-plugin": "^5.12.0",
    "@typescript-eslint/parser": "^5.12.0",
    "eslint": "^8.9.0",
    "eslint-config-google": "^0.14.0",
    "eslint-plugin-import": "^2.25.4",
    "firebase-functions-test": "^3.1.0",
    "typescript": "^4.9.0"
  },
  "private": true
}
[debug] [2025-02-13T20:35:03.781Z] Building nodejs source
[debug] [2025-02-13T20:35:03.781Z] Failed to find version of module node: reached end of search path /home/german/Archives/date-in-latam/functions/node_modules
[warn] ⚠  functions: Your requested "node" version "22" doesn't match your global version "20". Using node@20 from host. 
[debug] [2025-02-13T20:35:03.781Z] Could not find functions.yaml. Must use http discovery
[debug] [2025-02-13T20:35:03.782Z] Found firebase-functions binary at '/home/german/Archives/date-in-latam/functions/node_modules/.bin/firebase-functions'
[info] Serving at port 8068

[debug] [2025-02-13T20:35:03.949Z] Got response from /__/functions.yaml {"endpoints":{"addUser":{"availableMemoryMb":null,"timeoutSeconds":null,"minInstances":null,"maxInstances":null,"ingressSettings":null,"concurrency":null,"serviceAccountEmail":null,"vpc":null,"platform":"gcfv2","labels":{},"httpsTrigger":{},"entryPoint":"addUser"}},"specVersion":"v1alpha1","requiredAPIs":[],"extensions":{}}
[info] ✔  functions: Loaded functions definitions from source: addUser. {"metadata":{"emulator":{"name":"functions"},"message":"Loaded functions definitions from source: addUser."}}
[info] ✔  functions: Loaded functions definitions from source: addUser. {"metadata":{"emulator":{"name":"functions"},"message":"Loaded functions definitions from source: addUser."}}
[debug] [2025-02-13T20:35:33.425Z] File /home/german/Archives/date-in-latam/functions/src/addUser.ts changed, reloading triggers {"metadata":{"emulator":{"name":"functions"},"message":"File /home/german/Archives/date-in-latam/functions/src/addUser.ts changed, reloading triggers"}}
[debug] [2025-02-13T20:35:33.699Z] File /home/german/Archives/date-in-latam/functions/lib/addUser.js.map changed, reloading triggers {"metadata":{"emulator":{"name":"functions"},"message":"File /home/german/Archives/date-in-latam/functions/lib/addUser.js.map changed, reloading triggers"}}
[debug] [2025-02-13T20:35:33.699Z] File /home/german/Archives/date-in-latam/functions/lib/addUser.js changed, reloading triggers {"metadata":{"emulator":{"name":"functions"},"message":"File /home/german/Archives/date-in-latam/functions/lib/addUser.js changed, reloading triggers"}}
[debug] [2025-02-13T20:35:33.701Z] File /home/german/Archives/date-in-latam/functions/lib/index.js.map changed, reloading triggers {"metadata":{"emulator":{"name":"functions"},"message":"File /home/german/Archives/date-in-latam/functions/lib/index.js.map changed, reloading triggers"}}
[debug] [2025-02-13T20:35:33.701Z] File /home/german/Archives/date-in-latam/functions/lib/index.js changed, reloading triggers {"metadata":{"emulator":{"name":"functions"},"message":"File /home/german/Archives/date-in-latam/functions/lib/index.js changed, reloading triggers"}}
[debug] [2025-02-13T20:35:34.702Z] Validating nodejs source
[warn] ⚠  functions: package.json indicates an outdated version of firebase-functions. Please upgrade using npm install --save firebase-functions@latest in your functions directory. 
[debug] [2025-02-13T20:35:35.277Z] > [functions] package.json contents: {
  "name": "functions",
  "scripts": {
    "lint": "eslint --ext .js,.ts .",
    "build": "tsc",
    "build:watch": "tsc --watch",
    "serve": "npm run build && firebase emulators:start --only functions",
    "shell": "npm run build && firebase functions:shell",
    "start": "npm run shell",
    "deploy": "firebase deploy --only functions",
    "logs": "firebase functions:log"
  },
  "engines": {
    "node": "22"
  },
  "main": "lib/index.js",
  "dependencies": {
    "firebase-admin": "^12.6.0",
    "firebase-functions": "^6.0.1"
  },
  "devDependencies": {
    "@typescript-eslint/eslint-plugin": "^5.12.0",
    "@typescript-eslint/parser": "^5.12.0",
    "eslint": "^8.9.0",
    "eslint-config-google": "^0.14.0",
    "eslint-plugin-import": "^2.25.4",
    "firebase-functions-test": "^3.1.0",
    "typescript": "^4.9.0"
  },
  "private": true
}
[debug] [2025-02-13T20:35:35.277Z] Building nodejs source
[debug] [2025-02-13T20:35:35.277Z] Failed to find version of module node: reached end of search path /home/german/Archives/date-in-latam/functions/node_modules
[warn] ⚠  functions: Your requested "node" version "22" doesn't match your global version "20". Using node@20 from host. 
[debug] [2025-02-13T20:35:35.278Z] Could not find functions.yaml. Must use http discovery
[debug] [2025-02-13T20:35:35.279Z] Found firebase-functions binary at '/home/german/Archives/date-in-latam/functions/node_modules/.bin/firebase-functions'
[info] Serving at port 8276

[error] TypeError [ERR_INVALID_ARG_TYPE]: The "id" argument must be of type string. Received undefined
    at Module.require (node:internal/modules/cjs/loader:1226:3)
    at require (node:internal/modules/helpers:179:18)
    at Object.<anonymous> (/home/german/Archives/date-in-latam/functions/lib/addUser.js:5:1)
    at Module._compile (node:internal/modules/cjs/loader:1358:14)
    at Module._extensions..js (node:internal/modules/cjs/loader:1416:10)
    at Module.load (node:internal/modules/cjs/loader:1208:32)
    at Module._load (node:internal/modules/cjs/loader:1024:12)
    at Module.require (node:internal/modules/cjs/loader:1233:19)
    at require (node:internal/modules/helpers:179:18)
    at Object.<anonymous> (/home/german/Archives/date-in-latam/functions/lib/index.js:4:19) {
  code: 'ERR_INVALID_ARG_TYPE'
}

[debug] [2025-02-13T20:35:35.441Z] Got response code 400; body Failed to generate manifest from function source: TypeError [ERR_INVALID_ARG_TYPE]: The "id" argument must be of type string. Received undefined
[debug] [2025-02-13T20:35:35.509Z] File /home/german/Archives/date-in-latam/functions/src/addUser.ts changed, reloading triggers {"metadata":{"emulator":{"name":"functions"},"message":"File /home/german/Archives/date-in-latam/functions/src/addUser.ts changed, reloading triggers"}}
[debug] [2025-02-13T20:35:35.790Z] File /home/german/Archives/date-in-latam/functions/lib/addUser.js.map changed, reloading triggers {"metadata":{"emulator":{"name":"functions"},"message":"File /home/german/Archives/date-in-latam/functions/lib/addUser.js.map changed, reloading triggers"}}
[debug] [2025-02-13T20:35:35.791Z] File /home/german/Archives/date-in-latam/functions/lib/addUser.js changed, reloading triggers {"metadata":{"emulator":{"name":"functions"},"message":"File /home/german/Archives/date-in-latam/functions/lib/addUser.js changed, reloading triggers"}}
[debug] [2025-02-13T20:35:35.791Z] File /home/german/Archives/date-in-latam/functions/lib/index.js.map changed, reloading triggers {"metadata":{"emulator":{"name":"functions"},"message":"File /home/german/Archives/date-in-latam/functions/lib/index.js.map changed, reloading triggers"}}
[debug] [2025-02-13T20:35:35.792Z] File /home/german/Archives/date-in-latam/functions/lib/index.js changed, reloading triggers {"metadata":{"emulator":{"name":"functions"},"message":"File /home/german/Archives/date-in-latam/functions/lib/index.js changed, reloading triggers"}}
[debug] [2025-02-13T20:35:36.792Z] Validating nodejs source
[warn] ⚠  functions: package.json indicates an outdated version of firebase-functions. Please upgrade using npm install --save firebase-functions@latest in your functions directory. 
[debug] [2025-02-13T20:35:37.226Z] > [functions] package.json contents: {
  "name": "functions",
  "scripts": {
    "lint": "eslint --ext .js,.ts .",
    "build": "tsc",
    "build:watch": "tsc --watch",
    "serve": "npm run build && firebase emulators:start --only functions",
    "shell": "npm run build && firebase functions:shell",
    "start": "npm run shell",
    "deploy": "firebase deploy --only functions",
    "logs": "firebase functions:log"
  },
  "engines": {
    "node": "22"
  },
  "main": "lib/index.js",
  "dependencies": {
    "firebase-admin": "^12.6.0",
    "firebase-functions": "^6.0.1"
  },
  "devDependencies": {
    "@typescript-eslint/eslint-plugin": "^5.12.0",
    "@typescript-eslint/parser": "^5.12.0",
    "eslint": "^8.9.0",
    "eslint-config-google": "^0.14.0",
    "eslint-plugin-import": "^2.25.4",
    "firebase-functions-test": "^3.1.0",
    "typescript": "^4.9.0"
  },
  "private": true
}
[debug] [2025-02-13T20:35:37.226Z] Building nodejs source
[debug] [2025-02-13T20:35:37.226Z] Failed to find version of module node: reached end of search path /home/german/Archives/date-in-latam/functions/node_modules
[warn] ⚠  functions: Your requested "node" version "22" doesn't match your global version "20". Using node@20 from host. 
[debug] [2025-02-13T20:35:37.226Z] Could not find functions.yaml. Must use http discovery
[debug] [2025-02-13T20:35:37.227Z] Found firebase-functions binary at '/home/german/Archives/date-in-latam/functions/node_modules/.bin/firebase-functions'
[info] Serving at port 8538

[debug] [2025-02-13T20:35:37.405Z] Got response from /__/functions.yaml {"endpoints":{"addUser":{"availableMemoryMb":null,"timeoutSeconds":null,"minInstances":null,"maxInstances":null,"ingressSettings":null,"concurrency":null,"serviceAccountEmail":null,"vpc":null,"platform":"gcfv2","labels":{},"httpsTrigger":{},"entryPoint":"addUser"}},"specVersion":"v1alpha1","requiredAPIs":[],"extensions":{}}
[debug] [2025-02-13T20:35:37.459Z] File /home/german/Archives/date-in-latam/functions/src/addUser.ts changed, reloading triggers {"metadata":{"emulator":{"name":"functions"},"message":"File /home/german/Archives/date-in-latam/functions/src/addUser.ts changed, reloading triggers"}}
[debug] [2025-02-13T20:35:37.734Z] File /home/german/Archives/date-in-latam/functions/lib/addUser.js.map changed, reloading triggers {"metadata":{"emulator":{"name":"functions"},"message":"File /home/german/Archives/date-in-latam/functions/lib/addUser.js.map changed, reloading triggers"}}
[debug] [2025-02-13T20:35:37.734Z] File /home/german/Archives/date-in-latam/functions/lib/addUser.js changed, reloading triggers {"metadata":{"emulator":{"name":"functions"},"message":"File /home/german/Archives/date-in-latam/functions/lib/addUser.js changed, reloading triggers"}}
[debug] [2025-02-13T20:35:38.735Z] Validating nodejs source
[warn] ⚠  functions: package.json indicates an outdated version of firebase-functions. Please upgrade using npm install --save firebase-functions@latest in your functions directory. 
[debug] [2025-02-13T20:35:39.275Z] > [functions] package.json contents: {
  "name": "functions",
  "scripts": {
    "lint": "eslint --ext .js,.ts .",
    "build": "tsc",
    "build:watch": "tsc --watch",
    "serve": "npm run build && firebase emulators:start --only functions",
    "shell": "npm run build && firebase functions:shell",
    "start": "npm run shell",
    "deploy": "firebase deploy --only functions",
    "logs": "firebase functions:log"
  },
  "engines": {
    "node": "22"
  },
  "main": "lib/index.js",
  "dependencies": {
    "firebase-admin": "^12.6.0",
    "firebase-functions": "^6.0.1"
  },
  "devDependencies": {
    "@typescript-eslint/eslint-plugin": "^5.12.0",
    "@typescript-eslint/parser": "^5.12.0",
    "eslint": "^8.9.0",
    "eslint-config-google": "^0.14.0",
    "eslint-plugin-import": "^2.25.4",
    "firebase-functions-test": "^3.1.0",
    "typescript": "^4.9.0"
  },
  "private": true
}
[debug] [2025-02-13T20:35:39.275Z] Building nodejs source
[debug] [2025-02-13T20:35:39.275Z] Failed to find version of module node: reached end of search path /home/german/Archives/date-in-latam/functions/node_modules
[warn] ⚠  functions: Your requested "node" version "22" doesn't match your global version "20". Using node@20 from host. 
[debug] [2025-02-13T20:35:39.276Z] Could not find functions.yaml. Must use http discovery
[debug] [2025-02-13T20:35:39.276Z] Found firebase-functions binary at '/home/german/Archives/date-in-latam/functions/node_modules/.bin/firebase-functions'
[info] Serving at port 8862

[debug] [2025-02-13T20:35:39.442Z] Got response from /__/functions.yaml {"endpoints":{"addUser":{"availableMemoryMb":null,"timeoutSeconds":null,"minInstances":null,"maxInstances":null,"ingressSettings":null,"concurrency":null,"serviceAccountEmail":null,"vpc":null,"platform":"gcfv2","labels":{},"httpsTrigger":{},"entryPoint":"addUser"}},"specVersion":"v1alpha1","requiredAPIs":[],"extensions":{}}
[error] ⬢  functions: Failed to load function definition from source: FirebaseError: Functions codebase could not be analyzed successfully. It may have a syntax or runtime error {"metadata":{"emulator":{"name":"functions"},"message":"Failed to load function definition from source: FirebaseError: Functions codebase could not be analyzed successfully. It may have a syntax or runtime error"}}
[debug] [2025-02-13T20:35:40.793Z] File /home/german/Archives/date-in-latam/functions/src/addUser.ts changed, reloading triggers {"metadata":{"emulator":{"name":"functions"},"message":"File /home/german/Archives/date-in-latam/functions/src/addUser.ts changed, reloading triggers"}}
[debug] [2025-02-13T20:35:41.079Z] File /home/german/Archives/date-in-latam/functions/lib/addUser.js.map changed, reloading triggers {"metadata":{"emulator":{"name":"functions"},"message":"File /home/german/Archives/date-in-latam/functions/lib/addUser.js.map changed, reloading triggers"}}
[debug] [2025-02-13T20:35:41.079Z] File /home/german/Archives/date-in-latam/functions/lib/addUser.js changed, reloading triggers {"metadata":{"emulator":{"name":"functions"},"message":"File /home/german/Archives/date-in-latam/functions/lib/addUser.js changed, reloading triggers"}}
[debug] [2025-02-13T20:35:41.852Z] File /home/german/Archives/date-in-latam/functions/src/addUser.ts changed, reloading triggers {"metadata":{"emulator":{"name":"functions"},"message":"File /home/german/Archives/date-in-latam/functions/src/addUser.ts changed, reloading triggers"}}
[debug] [2025-02-13T20:35:42.128Z] File /home/german/Archives/date-in-latam/functions/lib/addUser.js.map changed, reloading triggers {"metadata":{"emulator":{"name":"functions"},"message":"File /home/german/Archives/date-in-latam/functions/lib/addUser.js.map changed, reloading triggers"}}
[debug] [2025-02-13T20:35:42.128Z] File /home/german/Archives/date-in-latam/functions/lib/addUser.js changed, reloading triggers {"metadata":{"emulator":{"name":"functions"},"message":"File /home/german/Archives/date-in-latam/functions/lib/addUser.js changed, reloading triggers"}}
[info] ✔  functions: Loaded functions definitions from source: addUser. {"metadata":{"emulator":{"name":"functions"},"message":"Loaded functions definitions from source: addUser."}}
[debug] [2025-02-13T20:35:43.129Z] Validating nodejs source
[warn] ⚠  functions: package.json indicates an outdated version of firebase-functions. Please upgrade using npm install --save firebase-functions@latest in your functions directory. 
[debug] [2025-02-13T20:35:43.636Z] > [functions] package.json contents: {
  "name": "functions",
  "scripts": {
    "lint": "eslint --ext .js,.ts .",
    "build": "tsc",
    "build:watch": "tsc --watch",
    "serve": "npm run build && firebase emulators:start --only functions",
    "shell": "npm run build && firebase functions:shell",
    "start": "npm run shell",
    "deploy": "firebase deploy --only functions",
    "logs": "firebase functions:log"
  },
  "engines": {
    "node": "22"
  },
  "main": "lib/index.js",
  "dependencies": {
    "firebase-admin": "^12.6.0",
    "firebase-functions": "^6.0.1"
  },
  "devDependencies": {
    "@typescript-eslint/eslint-plugin": "^5.12.0",
    "@typescript-eslint/parser": "^5.12.0",
    "eslint": "^8.9.0",
    "eslint-config-google": "^0.14.0",
    "eslint-plugin-import": "^2.25.4",
    "firebase-functions-test": "^3.1.0",
    "typescript": "^4.9.0"
  },
  "private": true
}
[debug] [2025-02-13T20:35:43.636Z] Building nodejs source
[debug] [2025-02-13T20:35:43.636Z] Failed to find version of module node: reached end of search path /home/german/Archives/date-in-latam/functions/node_modules
[warn] ⚠  functions: Your requested "node" version "22" doesn't match your global version "20". Using node@20 from host. 
[debug] [2025-02-13T20:35:43.636Z] Could not find functions.yaml. Must use http discovery
[debug] [2025-02-13T20:35:43.637Z] Found firebase-functions binary at '/home/german/Archives/date-in-latam/functions/node_modules/.bin/firebase-functions'
[debug] [2025-02-13T20:35:43.639Z] File /home/german/Archives/date-in-latam/functions/src/addUser.ts changed, reloading triggers {"metadata":{"emulator":{"name":"functions"},"message":"File /home/german/Archives/date-in-latam/functions/src/addUser.ts changed, reloading triggers"}}
[info] Serving at port 8406

[debug] [2025-02-13T20:35:43.763Z] File /home/german/Archives/date-in-latam/functions/lib/addUser.js.map changed, reloading triggers {"metadata":{"emulator":{"name":"functions"},"message":"File /home/german/Archives/date-in-latam/functions/lib/addUser.js.map changed, reloading triggers"}}
[debug] [2025-02-13T20:35:43.763Z] File /home/german/Archives/date-in-latam/functions/lib/addUser.js changed, reloading triggers {"metadata":{"emulator":{"name":"functions"},"message":"File /home/german/Archives/date-in-latam/functions/lib/addUser.js changed, reloading triggers"}}
[debug] [2025-02-13T20:35:43.798Z] Got response from /__/functions.yaml {"endpoints":{"addUser":{"availableMemoryMb":null,"timeoutSeconds":null,"minInstances":null,"maxInstances":null,"ingressSettings":null,"concurrency":null,"serviceAccountEmail":null,"vpc":null,"platform":"gcfv2","labels":{},"httpsTrigger":{},"entryPoint":"addUser"}},"specVersion":"v1alpha1","requiredAPIs":[],"extensions":{}}
[info] ✔  functions: Loaded functions definitions from source: addUser. {"metadata":{"emulator":{"name":"functions"},"message":"Loaded functions definitions from source: addUser."}}
[debug] [2025-02-13T20:35:44.764Z] Validating nodejs source
[warn] ⚠  functions: package.json indicates an outdated version of firebase-functions. Please upgrade using npm install --save firebase-functions@latest in your functions directory. 
[debug] [2025-02-13T20:35:45.251Z] > [functions] package.json contents: {
  "name": "functions",
  "scripts": {
    "lint": "eslint --ext .js,.ts .",
    "build": "tsc",
    "build:watch": "tsc --watch",
    "serve": "npm run build && firebase emulators:start --only functions",
    "shell": "npm run build && firebase functions:shell",
    "start": "npm run shell",
    "deploy": "firebase deploy --only functions",
    "logs": "firebase functions:log"
  },
  "engines": {
    "node": "22"
  },
  "main": "lib/index.js",
  "dependencies": {
    "firebase-admin": "^12.6.0",
    "firebase-functions": "^6.0.1"
  },
  "devDependencies": {
    "@typescript-eslint/eslint-plugin": "^5.12.0",
    "@typescript-eslint/parser": "^5.12.0",
    "eslint": "^8.9.0",
    "eslint-config-google": "^0.14.0",
    "eslint-plugin-import": "^2.25.4",
    "firebase-functions-test": "^3.1.0",
    "typescript": "^4.9.0"
  },
  "private": true
}
[debug] [2025-02-13T20:35:45.251Z] Building nodejs source
[debug] [2025-02-13T20:35:45.252Z] Failed to find version of module node: reached end of search path /home/german/Archives/date-in-latam/functions/node_modules
[warn] ⚠  functions: Your requested "node" version "22" doesn't match your global version "20". Using node@20 from host. 
[debug] [2025-02-13T20:35:45.252Z] Could not find functions.yaml. Must use http discovery
[debug] [2025-02-13T20:35:45.253Z] Found firebase-functions binary at '/home/german/Archives/date-in-latam/functions/node_modules/.bin/firebase-functions'
[info] Serving at port 8929

[debug] [2025-02-13T20:35:45.399Z] Got response from /__/functions.yaml {"endpoints":{"addUser":{"availableMemoryMb":null,"timeoutSeconds":null,"minInstances":null,"maxInstances":null,"ingressSettings":null,"concurrency":null,"serviceAccountEmail":null,"vpc":null,"platform":"gcfv2","labels":{},"httpsTrigger":{},"entryPoint":"addUser"}},"specVersion":"v1alpha1","requiredAPIs":[],"extensions":{}}
[info] ✔  functions: Loaded functions definitions from source: addUser. {"metadata":{"emulator":{"name":"functions"},"message":"Loaded functions definitions from source: addUser."}}
[info] ✔  functions: Loaded functions definitions from source: addUser. {"metadata":{"emulator":{"name":"functions"},"message":"Loaded functions definitions from source: addUser."}}
[debug] [2025-02-13T20:35:58.812Z] File /home/german/Archives/date-in-latam/functions/src/addUser.ts changed, reloading triggers {"metadata":{"emulator":{"name":"functions"},"message":"File /home/german/Archives/date-in-latam/functions/src/addUser.ts changed, reloading triggers"}}
[debug] [2025-02-13T20:35:59.095Z] File /home/german/Archives/date-in-latam/functions/lib/addUser.js.map changed, reloading triggers {"metadata":{"emulator":{"name":"functions"},"message":"File /home/german/Archives/date-in-latam/functions/lib/addUser.js.map changed, reloading triggers"}}
[debug] [2025-02-13T20:35:59.095Z] File /home/german/Archives/date-in-latam/functions/lib/addUser.js changed, reloading triggers {"metadata":{"emulator":{"name":"functions"},"message":"File /home/german/Archives/date-in-latam/functions/lib/addUser.js changed, reloading triggers"}}
[debug] [2025-02-13T20:36:00.096Z] Validating nodejs source
[warn] ⚠  functions: package.json indicates an outdated version of firebase-functions. Please upgrade using npm install --save firebase-functions@latest in your functions directory. 
[debug] [2025-02-13T20:36:00.495Z] > [functions] package.json contents: {
  "name": "functions",
  "scripts": {
    "lint": "eslint --ext .js,.ts .",
    "build": "tsc",
    "build:watch": "tsc --watch",
    "serve": "npm run build && firebase emulators:start --only functions",
    "shell": "npm run build && firebase functions:shell",
    "start": "npm run shell",
    "deploy": "firebase deploy --only functions",
    "logs": "firebase functions:log"
  },
  "engines": {
    "node": "22"
  },
  "main": "lib/index.js",
  "dependencies": {
    "firebase-admin": "^12.6.0",
    "firebase-functions": "^6.0.1"
  },
  "devDependencies": {
    "@typescript-eslint/eslint-plugin": "^5.12.0",
    "@typescript-eslint/parser": "^5.12.0",
    "eslint": "^8.9.0",
    "eslint-config-google": "^0.14.0",
    "eslint-plugin-import": "^2.25.4",
    "firebase-functions-test": "^3.1.0",
    "typescript": "^4.9.0"
  },
  "private": true
}
[debug] [2025-02-13T20:36:00.495Z] Building nodejs source
[debug] [2025-02-13T20:36:00.495Z] Failed to find version of module node: reached end of search path /home/german/Archives/date-in-latam/functions/node_modules
[warn] ⚠  functions: Your requested "node" version "22" doesn't match your global version "20". Using node@20 from host. 
[debug] [2025-02-13T20:36:00.496Z] Could not find functions.yaml. Must use http discovery
[debug] [2025-02-13T20:36:00.497Z] Found firebase-functions binary at '/home/german/Archives/date-in-latam/functions/node_modules/.bin/firebase-functions'
[info] Serving at port 8707

[debug] [2025-02-13T20:36:00.685Z] Got response from /__/functions.yaml {"endpoints":{"addUser":{"availableMemoryMb":null,"timeoutSeconds":null,"minInstances":null,"maxInstances":null,"ingressSettings":null,"concurrency":null,"serviceAccountEmail":null,"vpc":null,"platform":"gcfv2","labels":{},"httpsTrigger":{},"entryPoint":"addUser"}},"specVersion":"v1alpha1","requiredAPIs":[],"extensions":{}}
[debug] [2025-02-13T20:36:01.536Z] File /home/german/Archives/date-in-latam/functions/src/addUser.ts changed, reloading triggers {"metadata":{"emulator":{"name":"functions"},"message":"File /home/german/Archives/date-in-latam/functions/src/addUser.ts changed, reloading triggers"}}
[debug] [2025-02-13T20:36:01.809Z] File /home/german/Archives/date-in-latam/functions/lib/addUser.js.map changed, reloading triggers {"metadata":{"emulator":{"name":"functions"},"message":"File /home/german/Archives/date-in-latam/functions/lib/addUser.js.map changed, reloading triggers"}}
[debug] [2025-02-13T20:36:01.809Z] File /home/german/Archives/date-in-latam/functions/lib/addUser.js changed, reloading triggers {"metadata":{"emulator":{"name":"functions"},"message":"File /home/german/Archives/date-in-latam/functions/lib/addUser.js changed, reloading triggers"}}
[debug] [2025-02-13T20:36:02.810Z] Validating nodejs source
[warn] ⚠  functions: package.json indicates an outdated version of firebase-functions. Please upgrade using npm install --save firebase-functions@latest in your functions directory. 
[debug] [2025-02-13T20:36:03.318Z] > [functions] package.json contents: {
  "name": "functions",
  "scripts": {
    "lint": "eslint --ext .js,.ts .",
    "build": "tsc",
    "build:watch": "tsc --watch",
    "serve": "npm run build && firebase emulators:start --only functions",
    "shell": "npm run build && firebase functions:shell",
    "start": "npm run shell",
    "deploy": "firebase deploy --only functions",
    "logs": "firebase functions:log"
  },
  "engines": {
    "node": "22"
  },
  "main": "lib/index.js",
  "dependencies": {
    "firebase-admin": "^12.6.0",
    "firebase-functions": "^6.0.1"
  },
  "devDependencies": {
    "@typescript-eslint/eslint-plugin": "^5.12.0",
    "@typescript-eslint/parser": "^5.12.0",
    "eslint": "^8.9.0",
    "eslint-config-google": "^0.14.0",
    "eslint-plugin-import": "^2.25.4",
    "firebase-functions-test": "^3.1.0",
    "typescript": "^4.9.0"
  },
  "private": true
}
[debug] [2025-02-13T20:36:03.318Z] Building nodejs source
[debug] [2025-02-13T20:36:03.318Z] Failed to find version of module node: reached end of search path /home/german/Archives/date-in-latam/functions/node_modules
[warn] ⚠  functions: Your requested "node" version "22" doesn't match your global version "20". Using node@20 from host. 
[debug] [2025-02-13T20:36:03.318Z] Could not find functions.yaml. Must use http discovery
[debug] [2025-02-13T20:36:03.319Z] Found firebase-functions binary at '/home/german/Archives/date-in-latam/functions/node_modules/.bin/firebase-functions'
[info] Serving at port 8595

[debug] [2025-02-13T20:36:03.478Z] Got response from /__/functions.yaml {"endpoints":{"addUser":{"availableMemoryMb":null,"timeoutSeconds":null,"minInstances":null,"maxInstances":null,"ingressSettings":null,"concurrency":null,"serviceAccountEmail":null,"vpc":null,"platform":"gcfv2","labels":{},"httpsTrigger":{},"entryPoint":"addUser"}},"specVersion":"v1alpha1","requiredAPIs":[],"extensions":{}}
[info] ✔  functions: Loaded functions definitions from source: addUser. {"metadata":{"emulator":{"name":"functions"},"message":"Loaded functions definitions from source: addUser."}}
[info] ✔  functions: Loaded functions definitions from source: addUser. {"metadata":{"emulator":{"name":"functions"},"message":"Loaded functions definitions from source: addUser."}}
[debug] [2025-02-13T20:37:35.011Z] File /home/german/Archives/date-in-latam/functions/src/index.ts changed, reloading triggers {"metadata":{"emulator":{"name":"functions"},"message":"File /home/german/Archives/date-in-latam/functions/src/index.ts changed, reloading triggers"}}
[debug] [2025-02-13T20:37:35.287Z] File /home/german/Archives/date-in-latam/functions/lib/index.js.map changed, reloading triggers {"metadata":{"emulator":{"name":"functions"},"message":"File /home/german/Archives/date-in-latam/functions/lib/index.js.map changed, reloading triggers"}}
[debug] [2025-02-13T20:37:35.287Z] File /home/german/Archives/date-in-latam/functions/lib/index.js changed, reloading triggers {"metadata":{"emulator":{"name":"functions"},"message":"File /home/german/Archives/date-in-latam/functions/lib/index.js changed, reloading triggers"}}
[debug] [2025-02-13T20:37:36.288Z] Validating nodejs source
[warn] ⚠  functions: package.json indicates an outdated version of firebase-functions. Please upgrade using npm install --save firebase-functions@latest in your functions directory. 
[debug] [2025-02-13T20:37:36.853Z] > [functions] package.json contents: {
  "name": "functions",
  "scripts": {
    "lint": "eslint --ext .js,.ts .",
    "build": "tsc",
    "build:watch": "tsc --watch",
    "serve": "npm run build && firebase emulators:start --only functions",
    "shell": "npm run build && firebase functions:shell",
    "start": "npm run shell",
    "deploy": "firebase deploy --only functions",
    "logs": "firebase functions:log"
  },
  "engines": {
    "node": "22"
  },
  "main": "lib/index.js",
  "dependencies": {
    "firebase-admin": "^12.6.0",
    "firebase-functions": "^6.0.1"
  },
  "devDependencies": {
    "@typescript-eslint/eslint-plugin": "^5.12.0",
    "@typescript-eslint/parser": "^5.12.0",
    "eslint": "^8.9.0",
    "eslint-config-google": "^0.14.0",
    "eslint-plugin-import": "^2.25.4",
    "firebase-functions-test": "^3.1.0",
    "typescript": "^4.9.0"
  },
  "private": true
}
[debug] [2025-02-13T20:37:36.853Z] Building nodejs source
[debug] [2025-02-13T20:37:36.853Z] Failed to find version of module node: reached end of search path /home/german/Archives/date-in-latam/functions/node_modules
[warn] ⚠  functions: Your requested "node" version "22" doesn't match your global version "20". Using node@20 from host. 
[debug] [2025-02-13T20:37:36.854Z] Could not find functions.yaml. Must use http discovery
[debug] [2025-02-13T20:37:36.854Z] Found firebase-functions binary at '/home/german/Archives/date-in-latam/functions/node_modules/.bin/firebase-functions'
[info] Serving at port 8122

[debug] [2025-02-13T20:37:37.011Z] Got response from /__/functions.yaml {"endpoints":{"addUser":{"availableMemoryMb":null,"timeoutSeconds":null,"minInstances":null,"maxInstances":null,"ingressSettings":null,"concurrency":null,"serviceAccountEmail":null,"vpc":null,"platform":"gcfv2","labels":{},"httpsTrigger":{},"entryPoint":"addUser"}},"specVersion":"v1alpha1","requiredAPIs":[],"extensions":{}}
[debug] [2025-02-13T20:37:37.217Z] File /home/german/Archives/date-in-latam/functions/src/index.ts changed, reloading triggers {"metadata":{"emulator":{"name":"functions"},"message":"File /home/german/Archives/date-in-latam/functions/src/index.ts changed, reloading triggers"}}
[debug] [2025-02-13T20:37:37.491Z] File /home/german/Archives/date-in-latam/functions/lib/index.js.map changed, reloading triggers {"metadata":{"emulator":{"name":"functions"},"message":"File /home/german/Archives/date-in-latam/functions/lib/index.js.map changed, reloading triggers"}}
[debug] [2025-02-13T20:37:37.491Z] File /home/german/Archives/date-in-latam/functions/lib/index.js changed, reloading triggers {"metadata":{"emulator":{"name":"functions"},"message":"File /home/german/Archives/date-in-latam/functions/lib/index.js changed, reloading triggers"}}
[debug] [2025-02-13T20:37:38.492Z] Validating nodejs source
[warn] ⚠  functions: package.json indicates an outdated version of firebase-functions. Please upgrade using npm install --save firebase-functions@latest in your functions directory. 
[debug] [2025-02-13T20:37:39.051Z] > [functions] package.json contents: {
  "name": "functions",
  "scripts": {
    "lint": "eslint --ext .js,.ts .",
    "build": "tsc",
    "build:watch": "tsc --watch",
    "serve": "npm run build && firebase emulators:start --only functions",
    "shell": "npm run build && firebase functions:shell",
    "start": "npm run shell",
    "deploy": "firebase deploy --only functions",
    "logs": "firebase functions:log"
  },
  "engines": {
    "node": "22"
  },
  "main": "lib/index.js",
  "dependencies": {
    "firebase-admin": "^12.6.0",
    "firebase-functions": "^6.0.1"
  },
  "devDependencies": {
    "@typescript-eslint/eslint-plugin": "^5.12.0",
    "@typescript-eslint/parser": "^5.12.0",
    "eslint": "^8.9.0",
    "eslint-config-google": "^0.14.0",
    "eslint-plugin-import": "^2.25.4",
    "firebase-functions-test": "^3.1.0",
    "typescript": "^4.9.0"
  },
  "private": true
}
[debug] [2025-02-13T20:37:39.052Z] Building nodejs source
[debug] [2025-02-13T20:37:39.052Z] Failed to find version of module node: reached end of search path /home/german/Archives/date-in-latam/functions/node_modules
[warn] ⚠  functions: Your requested "node" version "22" doesn't match your global version "20". Using node@20 from host. 
[debug] [2025-02-13T20:37:39.054Z] Could not find functions.yaml. Must use http discovery
[debug] [2025-02-13T20:37:39.055Z] Found firebase-functions binary at '/home/german/Archives/date-in-latam/functions/node_modules/.bin/firebase-functions'
[info] Serving at port 8785

[debug] [2025-02-13T20:37:39.234Z] Got response from /__/functions.yaml {"endpoints":{"addUser":{"availableMemoryMb":null,"timeoutSeconds":null,"minInstances":null,"maxInstances":null,"ingressSettings":null,"concurrency":null,"serviceAccountEmail":null,"vpc":null,"platform":"gcfv2","labels":{},"httpsTrigger":{},"entryPoint":"addUser"}},"specVersion":"v1alpha1","requiredAPIs":[],"extensions":{}}
[debug] [2025-02-13T20:37:41.651Z] File /home/german/Archives/date-in-latam/functions/src/index.ts changed, reloading triggers {"metadata":{"emulator":{"name":"functions"},"message":"File /home/german/Archives/date-in-latam/functions/src/index.ts changed, reloading triggers"}}
[debug] [2025-02-13T20:37:41.921Z] File /home/german/Archives/date-in-latam/functions/lib/index.js.map changed, reloading triggers {"metadata":{"emulator":{"name":"functions"},"message":"File /home/german/Archives/date-in-latam/functions/lib/index.js.map changed, reloading triggers"}}
[debug] [2025-02-13T20:37:41.921Z] File /home/german/Archives/date-in-latam/functions/lib/index.js changed, reloading triggers {"metadata":{"emulator":{"name":"functions"},"message":"File /home/german/Archives/date-in-latam/functions/lib/index.js changed, reloading triggers"}}
[info] ✔  functions: Loaded functions definitions from source: addUser. {"metadata":{"emulator":{"name":"functions"},"message":"Loaded functions definitions from source: addUser."}}
[debug] [2025-02-13T20:37:42.922Z] Validating nodejs source
[warn] ⚠  functions: package.json indicates an outdated version of firebase-functions. Please upgrade using npm install --save firebase-functions@latest in your functions directory. 
[debug] [2025-02-13T20:37:43.473Z] > [functions] package.json contents: {
  "name": "functions",
  "scripts": {
    "lint": "eslint --ext .js,.ts .",
    "build": "tsc",
    "build:watch": "tsc --watch",
    "serve": "npm run build && firebase emulators:start --only functions",
    "shell": "npm run build && firebase functions:shell",
    "start": "npm run shell",
    "deploy": "firebase deploy --only functions",
    "logs": "firebase functions:log"
  },
  "engines": {
    "node": "22"
  },
  "main": "lib/index.js",
  "dependencies": {
    "firebase-admin": "^12.6.0",
    "firebase-functions": "^6.0.1"
  },
  "devDependencies": {
    "@typescript-eslint/eslint-plugin": "^5.12.0",
    "@typescript-eslint/parser": "^5.12.0",
    "eslint": "^8.9.0",
    "eslint-config-google": "^0.14.0",
    "eslint-plugin-import": "^2.25.4",
    "firebase-functions-test": "^3.1.0",
    "typescript": "^4.9.0"
  },
  "private": true
}
[debug] [2025-02-13T20:37:43.473Z] Building nodejs source
[debug] [2025-02-13T20:37:43.473Z] Failed to find version of module node: reached end of search path /home/german/Archives/date-in-latam/functions/node_modules
[warn] ⚠  functions: Your requested "node" version "22" doesn't match your global version "20". Using node@20 from host. 
[debug] [2025-02-13T20:37:43.474Z] Could not find functions.yaml. Must use http discovery
[debug] [2025-02-13T20:37:43.474Z] Found firebase-functions binary at '/home/german/Archives/date-in-latam/functions/node_modules/.bin/firebase-functions'
[info] Serving at port 8586

[debug] [2025-02-13T20:37:43.731Z] Got response from /__/functions.yaml {"endpoints":{"addUser":{"availableMemoryMb":null,"timeoutSeconds":null,"minInstances":null,"maxInstances":null,"ingressSettings":null,"concurrency":null,"serviceAccountEmail":null,"vpc":null,"platform":"gcfv2","labels":{},"httpsTrigger":{},"entryPoint":"addUser"}},"specVersion":"v1alpha1","requiredAPIs":[],"extensions":{}}
[info] ✔  functions: Loaded functions definitions from source: addUser. {"metadata":{"emulator":{"name":"functions"},"message":"Loaded functions definitions from source: addUser."}}
[debug] [2025-02-13T20:37:47.063Z] File /home/german/Archives/date-in-latam/functions/src/index.ts changed, reloading triggers {"metadata":{"emulator":{"name":"functions"},"message":"File /home/german/Archives/date-in-latam/functions/src/index.ts changed, reloading triggers"}}
[debug] [2025-02-13T20:37:47.332Z] File /home/german/Archives/date-in-latam/functions/lib/index.js.map changed, reloading triggers {"metadata":{"emulator":{"name":"functions"},"message":"File /home/german/Archives/date-in-latam/functions/lib/index.js.map changed, reloading triggers"}}
[debug] [2025-02-13T20:37:47.332Z] File /home/german/Archives/date-in-latam/functions/lib/index.js changed, reloading triggers {"metadata":{"emulator":{"name":"functions"},"message":"File /home/german/Archives/date-in-latam/functions/lib/index.js changed, reloading triggers"}}
[debug] [2025-02-13T20:37:48.332Z] Validating nodejs source
[warn] ⚠  functions: package.json indicates an outdated version of firebase-functions. Please upgrade using npm install --save firebase-functions@latest in your functions directory. 
[debug] [2025-02-13T20:37:48.760Z] > [functions] package.json contents: {
  "name": "functions",
  "scripts": {
    "lint": "eslint --ext .js,.ts .",
    "build": "tsc",
    "build:watch": "tsc --watch",
    "serve": "npm run build && firebase emulators:start --only functions",
    "shell": "npm run build && firebase functions:shell",
    "start": "npm run shell",
    "deploy": "firebase deploy --only functions",
    "logs": "firebase functions:log"
  },
  "engines": {
    "node": "22"
  },
  "main": "lib/index.js",
  "dependencies": {
    "firebase-admin": "^12.6.0",
    "firebase-functions": "^6.0.1"
  },
  "devDependencies": {
    "@typescript-eslint/eslint-plugin": "^5.12.0",
    "@typescript-eslint/parser": "^5.12.0",
    "eslint": "^8.9.0",
    "eslint-config-google": "^0.14.0",
    "eslint-plugin-import": "^2.25.4",
    "firebase-functions-test": "^3.1.0",
    "typescript": "^4.9.0"
  },
  "private": true
}
[debug] [2025-02-13T20:37:48.761Z] Building nodejs source
[debug] [2025-02-13T20:37:48.761Z] Failed to find version of module node: reached end of search path /home/german/Archives/date-in-latam/functions/node_modules
[warn] ⚠  functions: Your requested "node" version "22" doesn't match your global version "20". Using node@20 from host. 
[debug] [2025-02-13T20:37:48.761Z] Could not find functions.yaml. Must use http discovery
[debug] [2025-02-13T20:37:48.762Z] Found firebase-functions binary at '/home/german/Archives/date-in-latam/functions/node_modules/.bin/firebase-functions'
[info] ✔  functions: Loaded functions definitions from source: addUser. {"metadata":{"emulator":{"name":"functions"},"message":"Loaded functions definitions from source: addUser."}}
[info] Serving at port 8470

[debug] [2025-02-13T20:37:48.909Z] Got response from /__/functions.yaml {"endpoints":{"addUser":{"availableMemoryMb":null,"timeoutSeconds":null,"minInstances":null,"maxInstances":null,"ingressSettings":null,"concurrency":null,"serviceAccountEmail":null,"vpc":null,"platform":"gcfv2","labels":{},"httpsTrigger":{},"entryPoint":"addUser"}},"specVersion":"v1alpha1","requiredAPIs":[],"extensions":{}}
[debug] [2025-02-13T20:37:51.379Z] File /home/german/Archives/date-in-latam/functions/src/index.ts changed, reloading triggers {"metadata":{"emulator":{"name":"functions"},"message":"File /home/german/Archives/date-in-latam/functions/src/index.ts changed, reloading triggers"}}
[debug] [2025-02-13T20:37:52.380Z] Validating nodejs source
[warn] ⚠  functions: package.json indicates an outdated version of firebase-functions. Please upgrade using npm install --save firebase-functions@latest in your functions directory. 
[debug] [2025-02-13T20:37:52.932Z] > [functions] package.json contents: {
  "name": "functions",
  "scripts": {
    "lint": "eslint --ext .js,.ts .",
    "build": "tsc",
    "build:watch": "tsc --watch",
    "serve": "npm run build && firebase emulators:start --only functions",
    "shell": "npm run build && firebase functions:shell",
    "start": "npm run shell",
    "deploy": "firebase deploy --only functions",
    "logs": "firebase functions:log"
  },
  "engines": {
    "node": "22"
  },
  "main": "lib/index.js",
  "dependencies": {
    "firebase-admin": "^12.6.0",
    "firebase-functions": "^6.0.1"
  },
  "devDependencies": {
    "@typescript-eslint/eslint-plugin": "^5.12.0",
    "@typescript-eslint/parser": "^5.12.0",
    "eslint": "^8.9.0",
    "eslint-config-google": "^0.14.0",
    "eslint-plugin-import": "^2.25.4",
    "firebase-functions-test": "^3.1.0",
    "typescript": "^4.9.0"
  },
  "private": true
}
[debug] [2025-02-13T20:37:52.932Z] Building nodejs source
[debug] [2025-02-13T20:37:52.932Z] Failed to find version of module node: reached end of search path /home/german/Archives/date-in-latam/functions/node_modules
[warn] ⚠  functions: Your requested "node" version "22" doesn't match your global version "20". Using node@20 from host. 
[debug] [2025-02-13T20:37:52.932Z] Could not find functions.yaml. Must use http discovery
[debug] [2025-02-13T20:37:52.933Z] Found firebase-functions binary at '/home/german/Archives/date-in-latam/functions/node_modules/.bin/firebase-functions'
[info] Serving at port 8658

[debug] [2025-02-13T20:37:53.105Z] Got response from /__/functions.yaml {"endpoints":{"addUser":{"availableMemoryMb":null,"timeoutSeconds":null,"minInstances":null,"maxInstances":null,"ingressSettings":null,"concurrency":null,"serviceAccountEmail":null,"vpc":null,"platform":"gcfv2","labels":{},"httpsTrigger":{},"entryPoint":"addUser"}},"specVersion":"v1alpha1","requiredAPIs":[],"extensions":{}}
[info] ✔  functions: Loaded functions definitions from source: addUser. {"metadata":{"emulator":{"name":"functions"},"message":"Loaded functions definitions from source: addUser."}}
[debug] [2025-02-13T20:37:56.147Z] File /home/german/Archives/date-in-latam/functions/lib/index.js.map changed, reloading triggers {"metadata":{"emulator":{"name":"functions"},"message":"File /home/german/Archives/date-in-latam/functions/lib/index.js.map changed, reloading triggers"}}
[debug] [2025-02-13T20:37:56.148Z] File /home/german/Archives/date-in-latam/functions/lib/index.js changed, reloading triggers {"metadata":{"emulator":{"name":"functions"},"message":"File /home/german/Archives/date-in-latam/functions/lib/index.js changed, reloading triggers"}}
[debug] [2025-02-13T20:37:57.149Z] Validating nodejs source
[warn] ⚠  functions: package.json indicates an outdated version of firebase-functions. Please upgrade using npm install --save firebase-functions@latest in your functions directory. 
[debug] [2025-02-13T20:37:57.809Z] > [functions] package.json contents: {
  "name": "functions",
  "scripts": {
    "lint": "eslint --ext .js,.ts .",
    "build": "tsc",
    "build:watch": "tsc --watch",
    "serve": "npm run build && firebase emulators:start --only functions",
    "shell": "npm run build && firebase functions:shell",
    "start": "npm run shell",
    "deploy": "firebase deploy --only functions",
    "logs": "firebase functions:log"
  },
  "engines": {
    "node": "22"
  },
  "main": "lib/index.js",
  "dependencies": {
    "firebase-admin": "^12.6.0",
    "firebase-functions": "^6.0.1"
  },
  "devDependencies": {
    "@typescript-eslint/eslint-plugin": "^5.12.0",
    "@typescript-eslint/parser": "^5.12.0",
    "eslint": "^8.9.0",
    "eslint-config-google": "^0.14.0",
    "eslint-plugin-import": "^2.25.4",
    "firebase-functions-test": "^3.1.0",
    "typescript": "^4.9.0"
  },
  "private": true
}
[debug] [2025-02-13T20:37:57.809Z] Building nodejs source
[debug] [2025-02-13T20:37:57.809Z] Failed to find version of module node: reached end of search path /home/german/Archives/date-in-latam/functions/node_modules
[warn] ⚠  functions: Your requested "node" version "22" doesn't match your global version "20". Using node@20 from host. 
[debug] [2025-02-13T20:37:57.810Z] Could not find functions.yaml. Must use http discovery
[debug] [2025-02-13T20:37:57.812Z] Found firebase-functions binary at '/home/german/Archives/date-in-latam/functions/node_modules/.bin/firebase-functions'
[info] Serving at port 8240

[debug] [2025-02-13T20:37:58.027Z] Got response from /__/functions.yaml {"endpoints":{"addUser":{"availableMemoryMb":null,"timeoutSeconds":null,"minInstances":null,"maxInstances":null,"ingressSettings":null,"concurrency":null,"serviceAccountEmail":null,"vpc":null,"platform":"gcfv2","labels":{},"httpsTrigger":{},"entryPoint":"addUser"}},"specVersion":"v1alpha1","requiredAPIs":[],"extensions":{}}
[info] ✔  functions: Loaded functions definitions from source: addUser. {"metadata":{"emulator":{"name":"functions"},"message":"Loaded functions definitions from source: addUser."}}
[debug] [2025-02-13T20:38:01.011Z] File /home/german/Archives/date-in-latam/functions/src/index.ts changed, reloading triggers {"metadata":{"emulator":{"name":"functions"},"message":"File /home/german/Archives/date-in-latam/functions/src/index.ts changed, reloading triggers"}}
[debug] [2025-02-13T20:38:01.312Z] File /home/german/Archives/date-in-latam/functions/lib/index.js.map changed, reloading triggers {"metadata":{"emulator":{"name":"functions"},"message":"File /home/german/Archives/date-in-latam/functions/lib/index.js.map changed, reloading triggers"}}
[debug] [2025-02-13T20:38:01.312Z] File /home/german/Archives/date-in-latam/functions/lib/index.js changed, reloading triggers {"metadata":{"emulator":{"name":"functions"},"message":"File /home/german/Archives/date-in-latam/functions/lib/index.js changed, reloading triggers"}}
[debug] [2025-02-13T20:38:01.992Z] File /home/german/Archives/date-in-latam/functions/lib/addUser.js.map changed, reloading triggers {"metadata":{"emulator":{"name":"functions"},"message":"File /home/german/Archives/date-in-latam/functions/lib/addUser.js.map changed, reloading triggers"}}
[debug] [2025-02-13T20:38:01.992Z] File /home/german/Archives/date-in-latam/functions/lib/addUser.js changed, reloading triggers {"metadata":{"emulator":{"name":"functions"},"message":"File /home/german/Archives/date-in-latam/functions/lib/addUser.js changed, reloading triggers"}}
[debug] [2025-02-13T20:38:02.365Z] File /home/german/Archives/date-in-latam/functions/src/index.ts changed, reloading triggers {"metadata":{"emulator":{"name":"functions"},"message":"File /home/german/Archives/date-in-latam/functions/src/index.ts changed, reloading triggers"}}
[info] ✔  functions: Loaded functions definitions from source: addUser. {"metadata":{"emulator":{"name":"functions"},"message":"Loaded functions definitions from source: addUser."}}
[debug] [2025-02-13T20:38:03.366Z] Validating nodejs source
[warn] ⚠  functions: package.json indicates an outdated version of firebase-functions. Please upgrade using npm install --save firebase-functions@latest in your functions directory. 
[debug] [2025-02-13T20:38:03.904Z] > [functions] package.json contents: {
  "name": "functions",
  "scripts": {
    "lint": "eslint --ext .js,.ts .",
    "build": "tsc",
    "build:watch": "tsc --watch",
    "serve": "npm run build && firebase emulators:start --only functions",
    "shell": "npm run build && firebase functions:shell",
    "start": "npm run shell",
    "deploy": "firebase deploy --only functions",
    "logs": "firebase functions:log"
  },
  "engines": {
    "node": "22"
  },
  "main": "lib/index.js",
  "dependencies": {
    "firebase-admin": "^12.6.0",
    "firebase-functions": "^6.0.1"
  },
  "devDependencies": {
    "@typescript-eslint/eslint-plugin": "^5.12.0",
    "@typescript-eslint/parser": "^5.12.0",
    "eslint": "^8.9.0",
    "eslint-config-google": "^0.14.0",
    "eslint-plugin-import": "^2.25.4",
    "firebase-functions-test": "^3.1.0",
    "typescript": "^4.9.0"
  },
  "private": true
}
[debug] [2025-02-13T20:38:03.904Z] Building nodejs source
[debug] [2025-02-13T20:38:03.904Z] Failed to find version of module node: reached end of search path /home/german/Archives/date-in-latam/functions/node_modules
[warn] ⚠  functions: Your requested "node" version "22" doesn't match your global version "20". Using node@20 from host. 
[debug] [2025-02-13T20:38:03.904Z] Could not find functions.yaml. Must use http discovery
[debug] [2025-02-13T20:38:03.905Z] Found firebase-functions binary at '/home/german/Archives/date-in-latam/functions/node_modules/.bin/firebase-functions'
[info] Serving at port 8622

[debug] [2025-02-13T20:38:04.062Z] Got response from /__/functions.yaml {"endpoints":{"addUser":{"availableMemoryMb":null,"timeoutSeconds":null,"minInstances":null,"maxInstances":null,"ingressSettings":null,"concurrency":null,"serviceAccountEmail":null,"vpc":null,"platform":"gcfv2","labels":{},"httpsTrigger":{},"entryPoint":"addUser"}},"specVersion":"v1alpha1","requiredAPIs":[],"extensions":{}}
[debug] [2025-02-13T20:38:08.333Z] File /home/german/Archives/date-in-latam/functions/lib/index.js.map changed, reloading triggers {"metadata":{"emulator":{"name":"functions"},"message":"File /home/german/Archives/date-in-latam/functions/lib/index.js.map changed, reloading triggers"}}
[debug] [2025-02-13T20:38:08.333Z] File /home/german/Archives/date-in-latam/functions/lib/index.js changed, reloading triggers {"metadata":{"emulator":{"name":"functions"},"message":"File /home/german/Archives/date-in-latam/functions/lib/index.js changed, reloading triggers"}}
[info] ✔  functions: Loaded functions definitions from source: addUser. {"metadata":{"emulator":{"name":"functions"},"message":"Loaded functions definitions from source: addUser."}}
[debug] [2025-02-13T20:38:09.334Z] Validating nodejs source
[warn] ⚠  functions: package.json indicates an outdated version of firebase-functions. Please upgrade using npm install --save firebase-functions@latest in your functions directory. 
[debug] [2025-02-13T20:38:09.880Z] > [functions] package.json contents: {
  "name": "functions",
  "scripts": {
    "lint": "eslint --ext .js,.ts .",
    "build": "tsc",
    "build:watch": "tsc --watch",
    "serve": "npm run build && firebase emulators:start --only functions",
    "shell": "npm run build && firebase functions:shell",
    "start": "npm run shell",
    "deploy": "firebase deploy --only functions",
    "logs": "firebase functions:log"
  },
  "engines": {
    "node": "22"
  },
  "main": "lib/index.js",
  "dependencies": {
    "firebase-admin": "^12.6.0",
    "firebase-functions": "^6.0.1"
  },
  "devDependencies": {
    "@typescript-eslint/eslint-plugin": "^5.12.0",
    "@typescript-eslint/parser": "^5.12.0",
    "eslint": "^8.9.0",
    "eslint-config-google": "^0.14.0",
    "eslint-plugin-import": "^2.25.4",
    "firebase-functions-test": "^3.1.0",
    "typescript": "^4.9.0"
  },
  "private": true
}
[debug] [2025-02-13T20:38:09.880Z] Building nodejs source
[debug] [2025-02-13T20:38:09.880Z] Failed to find version of module node: reached end of search path /home/german/Archives/date-in-latam/functions/node_modules
[warn] ⚠  functions: Your requested "node" version "22" doesn't match your global version "20". Using node@20 from host. 
[debug] [2025-02-13T20:38:09.880Z] Could not find functions.yaml. Must use http discovery
[debug] [2025-02-13T20:38:09.880Z] Found firebase-functions binary at '/home/german/Archives/date-in-latam/functions/node_modules/.bin/firebase-functions'
[info] Serving at port 8883

[debug] [2025-02-13T20:38:10.039Z] Got response from /__/functions.yaml {"endpoints":{"addUser":{"availableMemoryMb":null,"timeoutSeconds":null,"minInstances":null,"maxInstances":null,"ingressSettings":null,"concurrency":null,"serviceAccountEmail":null,"vpc":null,"platform":"gcfv2","labels":{},"httpsTrigger":{},"entryPoint":"addUser"}},"specVersion":"v1alpha1","requiredAPIs":[],"extensions":{}}
[debug] [2025-02-13T20:38:12.251Z] File /home/german/Archives/date-in-latam/functions/src/index.ts changed, reloading triggers {"metadata":{"emulator":{"name":"functions"},"message":"File /home/german/Archives/date-in-latam/functions/src/index.ts changed, reloading triggers"}}
[debug] [2025-02-13T20:38:12.600Z] File /home/german/Archives/date-in-latam/functions/lib/index.js.map changed, reloading triggers {"metadata":{"emulator":{"name":"functions"},"message":"File /home/german/Archives/date-in-latam/functions/lib/index.js.map changed, reloading triggers"}}
[debug] [2025-02-13T20:38:12.601Z] File /home/german/Archives/date-in-latam/functions/lib/index.js changed, reloading triggers {"metadata":{"emulator":{"name":"functions"},"message":"File /home/german/Archives/date-in-latam/functions/lib/index.js changed, reloading triggers"}}
[debug] [2025-02-13T20:38:13.601Z] Validating nodejs source
[warn] ⚠  functions: package.json indicates an outdated version of firebase-functions. Please upgrade using npm install --save firebase-functions@latest in your functions directory. 
[debug] [2025-02-13T20:38:14.098Z] > [functions] package.json contents: {
  "name": "functions",
  "scripts": {
    "lint": "eslint --ext .js,.ts .",
    "build": "tsc",
    "build:watch": "tsc --watch",
    "serve": "npm run build && firebase emulators:start --only functions",
    "shell": "npm run build && firebase functions:shell",
    "start": "npm run shell",
    "deploy": "firebase deploy --only functions",
    "logs": "firebase functions:log"
  },
  "engines": {
    "node": "22"
  },
  "main": "lib/index.js",
  "dependencies": {
    "firebase-admin": "^12.6.0",
    "firebase-functions": "^6.0.1"
  },
  "devDependencies": {
    "@typescript-eslint/eslint-plugin": "^5.12.0",
    "@typescript-eslint/parser": "^5.12.0",
    "eslint": "^8.9.0",
    "eslint-config-google": "^0.14.0",
    "eslint-plugin-import": "^2.25.4",
    "firebase-functions-test": "^3.1.0",
    "typescript": "^4.9.0"
  },
  "private": true
}
[debug] [2025-02-13T20:38:14.099Z] Building nodejs source
[debug] [2025-02-13T20:38:14.099Z] Failed to find version of module node: reached end of search path /home/german/Archives/date-in-latam/functions/node_modules
[warn] ⚠  functions: Your requested "node" version "22" doesn't match your global version "20". Using node@20 from host. 
[debug] [2025-02-13T20:38:14.099Z] Could not find functions.yaml. Must use http discovery
[debug] [2025-02-13T20:38:14.100Z] Found firebase-functions binary at '/home/german/Archives/date-in-latam/functions/node_modules/.bin/firebase-functions'
[info] Serving at port 8987

[debug] [2025-02-13T20:38:14.265Z] Got response from /__/functions.yaml {"endpoints":{"addUser":{"availableMemoryMb":null,"timeoutSeconds":null,"minInstances":null,"maxInstances":null,"ingressSettings":null,"concurrency":null,"serviceAccountEmail":null,"vpc":null,"platform":"gcfv2","labels":{},"httpsTrigger":{},"entryPoint":"addUser"}},"specVersion":"v1alpha1","requiredAPIs":[],"extensions":{}}
[debug] [2025-02-13T20:38:14.516Z] File /home/german/Archives/date-in-latam/functions/src/index.ts changed, reloading triggers {"metadata":{"emulator":{"name":"functions"},"message":"File /home/german/Archives/date-in-latam/functions/src/index.ts changed, reloading triggers"}}
[debug] [2025-02-13T20:38:14.793Z] File /home/german/Archives/date-in-latam/functions/lib/index.js.map changed, reloading triggers {"metadata":{"emulator":{"name":"functions"},"message":"File /home/german/Archives/date-in-latam/functions/lib/index.js.map changed, reloading triggers"}}
[debug] [2025-02-13T20:38:14.794Z] File /home/german/Archives/date-in-latam/functions/lib/index.js changed, reloading triggers {"metadata":{"emulator":{"name":"functions"},"message":"File /home/german/Archives/date-in-latam/functions/lib/index.js changed, reloading triggers"}}
[info] ✔  functions: Loaded functions definitions from source: addUser. {"metadata":{"emulator":{"name":"functions"},"message":"Loaded functions definitions from source: addUser."}}
[debug] [2025-02-13T20:38:15.794Z] Validating nodejs source
[warn] ⚠  functions: package.json indicates an outdated version of firebase-functions. Please upgrade using npm install --save firebase-functions@latest in your functions directory. 
[debug] [2025-02-13T20:38:16.309Z] > [functions] package.json contents: {
  "name": "functions",
  "scripts": {
    "lint": "eslint --ext .js,.ts .",
    "build": "tsc",
    "build:watch": "tsc --watch",
    "serve": "npm run build && firebase emulators:start --only functions",
    "shell": "npm run build && firebase functions:shell",
    "start": "npm run shell",
    "deploy": "firebase deploy --only functions",
    "logs": "firebase functions:log"
  },
  "engines": {
    "node": "22"
  },
  "main": "lib/index.js",
  "dependencies": {
    "firebase-admin": "^12.6.0",
    "firebase-functions": "^6.0.1"
  },
  "devDependencies": {
    "@typescript-eslint/eslint-plugin": "^5.12.0",
    "@typescript-eslint/parser": "^5.12.0",
    "eslint": "^8.9.0",
    "eslint-config-google": "^0.14.0",
    "eslint-plugin-import": "^2.25.4",
    "firebase-functions-test": "^3.1.0",
    "typescript": "^4.9.0"
  },
  "private": true
}
[debug] [2025-02-13T20:38:16.309Z] Building nodejs source
[debug] [2025-02-13T20:38:16.309Z] Failed to find version of module node: reached end of search path /home/german/Archives/date-in-latam/functions/node_modules
[warn] ⚠  functions: Your requested "node" version "22" doesn't match your global version "20". Using node@20 from host. 
[debug] [2025-02-13T20:38:16.309Z] Could not find functions.yaml. Must use http discovery
[debug] [2025-02-13T20:38:16.310Z] Found firebase-functions binary at '/home/german/Archives/date-in-latam/functions/node_modules/.bin/firebase-functions'
[info] Serving at port 8574

[debug] [2025-02-13T20:38:16.456Z] File /home/german/Archives/date-in-latam/functions/src/index.ts changed, reloading triggers {"metadata":{"emulator":{"name":"functions"},"message":"File /home/german/Archives/date-in-latam/functions/src/index.ts changed, reloading triggers"}}
[debug] [2025-02-13T20:38:16.484Z] Got response from /__/functions.yaml {"endpoints":{"addUser":{"availableMemoryMb":null,"timeoutSeconds":null,"minInstances":null,"maxInstances":null,"ingressSettings":null,"concurrency":null,"serviceAccountEmail":null,"vpc":null,"platform":"gcfv2","labels":{},"httpsTrigger":{},"entryPoint":"addUser"}},"specVersion":"v1alpha1","requiredAPIs":[],"extensions":{}}
[debug] [2025-02-13T20:38:16.762Z] File /home/german/Archives/date-in-latam/functions/lib/index.js.map changed, reloading triggers {"metadata":{"emulator":{"name":"functions"},"message":"File /home/german/Archives/date-in-latam/functions/lib/index.js.map changed, reloading triggers"}}
[debug] [2025-02-13T20:38:16.763Z] File /home/german/Archives/date-in-latam/functions/lib/index.js changed, reloading triggers {"metadata":{"emulator":{"name":"functions"},"message":"File /home/german/Archives/date-in-latam/functions/lib/index.js changed, reloading triggers"}}
[debug] [2025-02-13T20:38:17.763Z] Validating nodejs source
[warn] ⚠  functions: package.json indicates an outdated version of firebase-functions. Please upgrade using npm install --save firebase-functions@latest in your functions directory. 
[debug] [2025-02-13T20:38:18.247Z] > [functions] package.json contents: {
  "name": "functions",
  "scripts": {
    "lint": "eslint --ext .js,.ts .",
    "build": "tsc",
    "build:watch": "tsc --watch",
    "serve": "npm run build && firebase emulators:start --only functions",
    "shell": "npm run build && firebase functions:shell",
    "start": "npm run shell",
    "deploy": "firebase deploy --only functions",
    "logs": "firebase functions:log"
  },
  "engines": {
    "node": "22"
  },
  "main": "lib/index.js",
  "dependencies": {
    "firebase-admin": "^12.6.0",
    "firebase-functions": "^6.0.1"
  },
  "devDependencies": {
    "@typescript-eslint/eslint-plugin": "^5.12.0",
    "@typescript-eslint/parser": "^5.12.0",
    "eslint": "^8.9.0",
    "eslint-config-google": "^0.14.0",
    "eslint-plugin-import": "^2.25.4",
    "firebase-functions-test": "^3.1.0",
    "typescript": "^4.9.0"
  },
  "private": true
}
[debug] [2025-02-13T20:38:18.247Z] Building nodejs source
[debug] [2025-02-13T20:38:18.247Z] Failed to find version of module node: reached end of search path /home/german/Archives/date-in-latam/functions/node_modules
[warn] ⚠  functions: Your requested "node" version "22" doesn't match your global version "20". Using node@20 from host. 
[debug] [2025-02-13T20:38:18.248Z] Could not find functions.yaml. Must use http discovery
[debug] [2025-02-13T20:38:18.248Z] Found firebase-functions binary at '/home/german/Archives/date-in-latam/functions/node_modules/.bin/firebase-functions'
[info] Serving at port 8347

[error] ReferenceError: addUser is not defined
    at Object.<anonymous> (/home/german/Archives/date-in-latam/functions/lib/index.js:31:5)
    at Module._compile (node:internal/modules/cjs/loader:1358:14)
    at Module._extensions..js (node:internal/modules/cjs/loader:1416:10)
    at Module.load (node:internal/modules/cjs/loader:1208:32)
    at Module._load (node:internal/modules/cjs/loader:1024:12)
    at Module.require (node:internal/modules/cjs/loader:1233:19)
    at require (node:internal/modules/helpers:179:18)
    at loadModule (/home/german/Archives/date-in-latam/functions/node_modules/firebase-functions/lib/runtime/loader.js:40:16)
    at loadStack (/home/german/Archives/date-in-latam/functions/node_modules/firebase-functions/lib/runtime/loader.js:157:23)
    at /home/german/Archives/date-in-latam/functions/node_modules/firebase-functions/lib/bin/firebase-functions.js:56:56

[debug] [2025-02-13T20:38:18.361Z] Got response code 400; body Failed to generate manifest from function source: ReferenceError: addUser is not defined
[info] ✔  functions: Loaded functions definitions from source: addUser. {"metadata":{"emulator":{"name":"functions"},"message":"Loaded functions definitions from source: addUser."}}
[debug] [2025-02-13T20:38:20.005Z] File /home/german/Archives/date-in-latam/functions/src/index.ts changed, reloading triggers {"metadata":{"emulator":{"name":"functions"},"message":"File /home/german/Archives/date-in-latam/functions/src/index.ts changed, reloading triggers"}}
[debug] [2025-02-13T20:38:20.300Z] File /home/german/Archives/date-in-latam/functions/lib/index.js.map changed, reloading triggers {"metadata":{"emulator":{"name":"functions"},"message":"File /home/german/Archives/date-in-latam/functions/lib/index.js.map changed, reloading triggers"}}
[debug] [2025-02-13T20:38:20.300Z] File /home/german/Archives/date-in-latam/functions/lib/index.js changed, reloading triggers {"metadata":{"emulator":{"name":"functions"},"message":"File /home/german/Archives/date-in-latam/functions/lib/index.js changed, reloading triggers"}}
[debug] [2025-02-13T20:38:21.301Z] Validating nodejs source
[warn] ⚠  functions: package.json indicates an outdated version of firebase-functions. Please upgrade using npm install --save firebase-functions@latest in your functions directory. 
[debug] [2025-02-13T20:38:21.834Z] > [functions] package.json contents: {
  "name": "functions",
  "scripts": {
    "lint": "eslint --ext .js,.ts .",
    "build": "tsc",
    "build:watch": "tsc --watch",
    "serve": "npm run build && firebase emulators:start --only functions",
    "shell": "npm run build && firebase functions:shell",
    "start": "npm run shell",
    "deploy": "firebase deploy --only functions",
    "logs": "firebase functions:log"
  },
  "engines": {
    "node": "22"
  },
  "main": "lib/index.js",
  "dependencies": {
    "firebase-admin": "^12.6.0",
    "firebase-functions": "^6.0.1"
  },
  "devDependencies": {
    "@typescript-eslint/eslint-plugin": "^5.12.0",
    "@typescript-eslint/parser": "^5.12.0",
    "eslint": "^8.9.0",
    "eslint-config-google": "^0.14.0",
    "eslint-plugin-import": "^2.25.4",
    "firebase-functions-test": "^3.1.0",
    "typescript": "^4.9.0"
  },
  "private": true
}
[debug] [2025-02-13T20:38:21.834Z] Building nodejs source
[debug] [2025-02-13T20:38:21.834Z] Failed to find version of module node: reached end of search path /home/german/Archives/date-in-latam/functions/node_modules
[warn] ⚠  functions: Your requested "node" version "22" doesn't match your global version "20". Using node@20 from host. 
[debug] [2025-02-13T20:38:21.835Z] Could not find functions.yaml. Must use http discovery
[debug] [2025-02-13T20:38:21.835Z] Found firebase-functions binary at '/home/german/Archives/date-in-latam/functions/node_modules/.bin/firebase-functions'
[info] ✔  functions: Loaded functions definitions from source: addUser. {"metadata":{"emulator":{"name":"functions"},"message":"Loaded functions definitions from source: addUser."}}
[info] Serving at port 8532

[debug] [2025-02-13T20:38:21.997Z] Got response from /__/functions.yaml {"endpoints":{"addUser":{"availableMemoryMb":null,"timeoutSeconds":null,"minInstances":null,"maxInstances":null,"ingressSettings":null,"concurrency":null,"serviceAccountEmail":null,"vpc":null,"platform":"gcfv2","labels":{},"httpsTrigger":{},"entryPoint":"addUser"}},"specVersion":"v1alpha1","requiredAPIs":[],"extensions":{}}
[debug] [2025-02-13T20:38:22.661Z] File /home/german/Archives/date-in-latam/functions/src/index.ts changed, reloading triggers {"metadata":{"emulator":{"name":"functions"},"message":"File /home/german/Archives/date-in-latam/functions/src/index.ts changed, reloading triggers"}}
[debug] [2025-02-13T20:38:22.937Z] File /home/german/Archives/date-in-latam/functions/lib/index.js.map changed, reloading triggers {"metadata":{"emulator":{"name":"functions"},"message":"File /home/german/Archives/date-in-latam/functions/lib/index.js.map changed, reloading triggers"}}
[debug] [2025-02-13T20:38:22.937Z] File /home/german/Archives/date-in-latam/functions/lib/index.js changed, reloading triggers {"metadata":{"emulator":{"name":"functions"},"message":"File /home/german/Archives/date-in-latam/functions/lib/index.js changed, reloading triggers"}}
[error] ⬢  functions: Failed to load function definition from source: FirebaseError: Functions codebase could not be analyzed successfully. It may have a syntax or runtime error {"metadata":{"emulator":{"name":"functions"},"message":"Failed to load function definition from source: FirebaseError: Functions codebase could not be analyzed successfully. It may have a syntax or runtime error"}}
[debug] [2025-02-13T20:38:23.938Z] Validating nodejs source
[warn] ⚠  functions: package.json indicates an outdated version of firebase-functions. Please upgrade using npm install --save firebase-functions@latest in your functions directory. 
[debug] [2025-02-13T20:38:24.460Z] > [functions] package.json contents: {
  "name": "functions",
  "scripts": {
    "lint": "eslint --ext .js,.ts .",
    "build": "tsc",
    "build:watch": "tsc --watch",
    "serve": "npm run build && firebase emulators:start --only functions",
    "shell": "npm run build && firebase functions:shell",
    "start": "npm run shell",
    "deploy": "firebase deploy --only functions",
    "logs": "firebase functions:log"
  },
  "engines": {
    "node": "22"
  },
  "main": "lib/index.js",
  "dependencies": {
    "firebase-admin": "^12.6.0",
    "firebase-functions": "^6.0.1"
  },
  "devDependencies": {
    "@typescript-eslint/eslint-plugin": "^5.12.0",
    "@typescript-eslint/parser": "^5.12.0",
    "eslint": "^8.9.0",
    "eslint-config-google": "^0.14.0",
    "eslint-plugin-import": "^2.25.4",
    "firebase-functions-test": "^3.1.0",
    "typescript": "^4.9.0"
  },
  "private": true
}
[debug] [2025-02-13T20:38:24.461Z] Building nodejs source
[debug] [2025-02-13T20:38:24.461Z] Failed to find version of module node: reached end of search path /home/german/Archives/date-in-latam/functions/node_modules
[warn] ⚠  functions: Your requested "node" version "22" doesn't match your global version "20". Using node@20 from host. 
[debug] [2025-02-13T20:38:24.461Z] Could not find functions.yaml. Must use http discovery
[debug] [2025-02-13T20:38:24.462Z] Found firebase-functions binary at '/home/german/Archives/date-in-latam/functions/node_modules/.bin/firebase-functions'
[info] Serving at port 8445

[debug] [2025-02-13T20:38:24.619Z] Got response from /__/functions.yaml {"endpoints":{"addUser":{"availableMemoryMb":null,"timeoutSeconds":null,"minInstances":null,"maxInstances":null,"ingressSettings":null,"concurrency":null,"serviceAccountEmail":null,"vpc":null,"platform":"gcfv2","labels":{},"httpsTrigger":{},"entryPoint":"addUser"}},"specVersion":"v1alpha1","requiredAPIs":[],"extensions":{}}
[debug] [2025-02-13T20:38:26.705Z] File /home/german/Archives/date-in-latam/functions/src/index.ts changed, reloading triggers {"metadata":{"emulator":{"name":"functions"},"message":"File /home/german/Archives/date-in-latam/functions/src/index.ts changed, reloading triggers"}}
[info] ✔  functions: Loaded functions definitions from source: addUser. {"metadata":{"emulator":{"name":"functions"},"message":"Loaded functions definitions from source: addUser."}}
[debug] [2025-02-13T20:38:27.706Z] Validating nodejs source
[warn] ⚠  functions: package.json indicates an outdated version of firebase-functions. Please upgrade using npm install --save firebase-functions@latest in your functions directory. 
[debug] [2025-02-13T20:38:28.133Z] > [functions] package.json contents: {
  "name": "functions",
  "scripts": {
    "lint": "eslint --ext .js,.ts .",
    "build": "tsc",
    "build:watch": "tsc --watch",
    "serve": "npm run build && firebase emulators:start --only functions",
    "shell": "npm run build && firebase functions:shell",
    "start": "npm run shell",
    "deploy": "firebase deploy --only functions",
    "logs": "firebase functions:log"
  },
  "engines": {
    "node": "22"
  },
  "main": "lib/index.js",
  "dependencies": {
    "firebase-admin": "^12.6.0",
    "firebase-functions": "^6.0.1"
  },
  "devDependencies": {
    "@typescript-eslint/eslint-plugin": "^5.12.0",
    "@typescript-eslint/parser": "^5.12.0",
    "eslint": "^8.9.0",
    "eslint-config-google": "^0.14.0",
    "eslint-plugin-import": "^2.25.4",
    "firebase-functions-test": "^3.1.0",
    "typescript": "^4.9.0"
  },
  "private": true
}
[debug] [2025-02-13T20:38:28.133Z] Building nodejs source
[debug] [2025-02-13T20:38:28.133Z] Failed to find version of module node: reached end of search path /home/german/Archives/date-in-latam/functions/node_modules
[warn] ⚠  functions: Your requested "node" version "22" doesn't match your global version "20". Using node@20 from host. 
[debug] [2025-02-13T20:38:28.134Z] Could not find functions.yaml. Must use http discovery
[debug] [2025-02-13T20:38:28.134Z] Found firebase-functions binary at '/home/german/Archives/date-in-latam/functions/node_modules/.bin/firebase-functions'
[debug] [2025-02-13T20:38:28.137Z] File /home/german/Archives/date-in-latam/functions/src/index.ts changed, reloading triggers {"metadata":{"emulator":{"name":"functions"},"message":"File /home/german/Archives/date-in-latam/functions/src/index.ts changed, reloading triggers"}}
[debug] [2025-02-13T20:38:28.138Z] File /home/german/Archives/date-in-latam/functions/lib/index.js.map changed, reloading triggers {"metadata":{"emulator":{"name":"functions"},"message":"File /home/german/Archives/date-in-latam/functions/lib/index.js.map changed, reloading triggers"}}
[debug] [2025-02-13T20:38:28.138Z] File /home/german/Archives/date-in-latam/functions/lib/index.js changed, reloading triggers {"metadata":{"emulator":{"name":"functions"},"message":"File /home/german/Archives/date-in-latam/functions/lib/index.js changed, reloading triggers"}}
[info] Serving at port 8563

[debug] [2025-02-13T20:38:28.288Z] Got response from /__/functions.yaml {"endpoints":{"addUser":{"availableMemoryMb":null,"timeoutSeconds":null,"minInstances":null,"maxInstances":null,"ingressSettings":null,"concurrency":null,"serviceAccountEmail":null,"vpc":null,"platform":"gcfv2","labels":{},"httpsTrigger":{},"entryPoint":"addUser"}},"specVersion":"v1alpha1","requiredAPIs":[],"extensions":{}}
[debug] [2025-02-13T20:38:29.139Z] Validating nodejs source
[warn] ⚠  functions: package.json indicates an outdated version of firebase-functions. Please upgrade using npm install --save firebase-functions@latest in your functions directory. 
[debug] [2025-02-13T20:38:29.684Z] > [functions] package.json contents: {
  "name": "functions",
  "scripts": {
    "lint": "eslint --ext .js,.ts .",
    "build": "tsc",
    "build:watch": "tsc --watch",
    "serve": "npm run build && firebase emulators:start --only functions",
    "shell": "npm run build && firebase functions:shell",
    "start": "npm run shell",
    "deploy": "firebase deploy --only functions",
    "logs": "firebase functions:log"
  },
  "engines": {
    "node": "22"
  },
  "main": "lib/index.js",
  "dependencies": {
    "firebase-admin": "^12.6.0",
    "firebase-functions": "^6.0.1"
  },
  "devDependencies": {
    "@typescript-eslint/eslint-plugin": "^5.12.0",
    "@typescript-eslint/parser": "^5.12.0",
    "eslint": "^8.9.0",
    "eslint-config-google": "^0.14.0",
    "eslint-plugin-import": "^2.25.4",
    "firebase-functions-test": "^3.1.0",
    "typescript": "^4.9.0"
  },
  "private": true
}
[debug] [2025-02-13T20:38:29.684Z] Building nodejs source
[debug] [2025-02-13T20:38:29.684Z] Failed to find version of module node: reached end of search path /home/german/Archives/date-in-latam/functions/node_modules
[warn] ⚠  functions: Your requested "node" version "22" doesn't match your global version "20". Using node@20 from host. 
[debug] [2025-02-13T20:38:29.684Z] Could not find functions.yaml. Must use http discovery
[debug] [2025-02-13T20:38:29.685Z] Found firebase-functions binary at '/home/german/Archives/date-in-latam/functions/node_modules/.bin/firebase-functions'
[info] ✔  functions: Loaded functions definitions from source: addUser. {"metadata":{"emulator":{"name":"functions"},"message":"Loaded functions definitions from source: addUser."}}
[info] Serving at port 8021

[debug] [2025-02-13T20:38:29.850Z] Got response from /__/functions.yaml {"endpoints":{"addUser":{"availableMemoryMb":null,"timeoutSeconds":null,"minInstances":null,"maxInstances":null,"ingressSettings":null,"concurrency":null,"serviceAccountEmail":null,"vpc":null,"platform":"gcfv2","labels":{},"httpsTrigger":{},"entryPoint":"addUser"}},"specVersion":"v1alpha1","requiredAPIs":[],"extensions":{}}
[info] ✔  functions: Loaded functions definitions from source: addUser. {"metadata":{"emulator":{"name":"functions"},"message":"Loaded functions definitions from source: addUser."}}
[info] ✔  functions: Loaded functions definitions from source: addUser. {"metadata":{"emulator":{"name":"functions"},"message":"Loaded functions definitions from source: addUser."}}
[debug] [2025-02-13T20:39:26.757Z] File /home/german/Archives/date-in-latam/functions/src/addUser.ts changed, reloading triggers {"metadata":{"emulator":{"name":"functions"},"message":"File /home/german/Archives/date-in-latam/functions/src/addUser.ts changed, reloading triggers"}}
[debug] [2025-02-13T20:39:27.060Z] File /home/german/Archives/date-in-latam/functions/lib/addUser.js.map changed, reloading triggers {"metadata":{"emulator":{"name":"functions"},"message":"File /home/german/Archives/date-in-latam/functions/lib/addUser.js.map changed, reloading triggers"}}
[debug] [2025-02-13T20:39:27.060Z] File /home/german/Archives/date-in-latam/functions/lib/addUser.js changed, reloading triggers {"metadata":{"emulator":{"name":"functions"},"message":"File /home/german/Archives/date-in-latam/functions/lib/addUser.js changed, reloading triggers"}}
[debug] [2025-02-13T20:39:27.062Z] File /home/german/Archives/date-in-latam/functions/lib/index.js.map changed, reloading triggers {"metadata":{"emulator":{"name":"functions"},"message":"File /home/german/Archives/date-in-latam/functions/lib/index.js.map changed, reloading triggers"}}
[debug] [2025-02-13T20:39:27.062Z] File /home/german/Archives/date-in-latam/functions/lib/index.js changed, reloading triggers {"metadata":{"emulator":{"name":"functions"},"message":"File /home/german/Archives/date-in-latam/functions/lib/index.js changed, reloading triggers"}}
[debug] [2025-02-13T20:39:28.063Z] Validating nodejs source
[warn] ⚠  functions: package.json indicates an outdated version of firebase-functions. Please upgrade using npm install --save firebase-functions@latest in your functions directory. 
[debug] [2025-02-13T20:39:28.618Z] > [functions] package.json contents: {
  "name": "functions",
  "scripts": {
    "lint": "eslint --ext .js,.ts .",
    "build": "tsc",
    "build:watch": "tsc --watch",
    "serve": "npm run build && firebase emulators:start --only functions",
    "shell": "npm run build && firebase functions:shell",
    "start": "npm run shell",
    "deploy": "firebase deploy --only functions",
    "logs": "firebase functions:log"
  },
  "engines": {
    "node": "22"
  },
  "main": "lib/index.js",
  "dependencies": {
    "firebase-admin": "^12.6.0",
    "firebase-functions": "^6.0.1"
  },
  "devDependencies": {
    "@typescript-eslint/eslint-plugin": "^5.12.0",
    "@typescript-eslint/parser": "^5.12.0",
    "eslint": "^8.9.0",
    "eslint-config-google": "^0.14.0",
    "eslint-plugin-import": "^2.25.4",
    "firebase-functions-test": "^3.1.0",
    "typescript": "^4.9.0"
  },
  "private": true
}
[debug] [2025-02-13T20:39:28.618Z] Building nodejs source
[debug] [2025-02-13T20:39:28.618Z] Failed to find version of module node: reached end of search path /home/german/Archives/date-in-latam/functions/node_modules
[warn] ⚠  functions: Your requested "node" version "22" doesn't match your global version "20". Using node@20 from host. 
[debug] [2025-02-13T20:39:28.618Z] Could not find functions.yaml. Must use http discovery
[debug] [2025-02-13T20:39:28.619Z] Found firebase-functions binary at '/home/german/Archives/date-in-latam/functions/node_modules/.bin/firebase-functions'
[info] Serving at port 8379

[debug] [2025-02-13T20:39:28.780Z] Got response from /__/functions.yaml {"endpoints":{"addUser":{"availableMemoryMb":null,"timeoutSeconds":null,"minInstances":null,"maxInstances":null,"ingressSettings":null,"concurrency":null,"serviceAccountEmail":null,"vpc":null,"platform":"gcfv2","labels":{},"httpsTrigger":{},"entryPoint":"addUser"}},"specVersion":"v1alpha1","requiredAPIs":[],"extensions":{}}
[debug] [2025-02-13T20:39:31.102Z] File /home/german/Archives/date-in-latam/functions/src/addUser.ts changed, reloading triggers {"metadata":{"emulator":{"name":"functions"},"message":"File /home/german/Archives/date-in-latam/functions/src/addUser.ts changed, reloading triggers"}}
[debug] [2025-02-13T20:39:31.384Z] File /home/german/Archives/date-in-latam/functions/lib/addUser.js.map changed, reloading triggers {"metadata":{"emulator":{"name":"functions"},"message":"File /home/german/Archives/date-in-latam/functions/lib/addUser.js.map changed, reloading triggers"}}
[debug] [2025-02-13T20:39:31.384Z] File /home/german/Archives/date-in-latam/functions/lib/addUser.js changed, reloading triggers {"metadata":{"emulator":{"name":"functions"},"message":"File /home/german/Archives/date-in-latam/functions/lib/addUser.js changed, reloading triggers"}}
[debug] [2025-02-13T20:39:32.385Z] Validating nodejs source
[warn] ⚠  functions: package.json indicates an outdated version of firebase-functions. Please upgrade using npm install --save firebase-functions@latest in your functions directory. 
[debug] [2025-02-13T20:39:32.822Z] > [functions] package.json contents: {
  "name": "functions",
  "scripts": {
    "lint": "eslint --ext .js,.ts .",
    "build": "tsc",
    "build:watch": "tsc --watch",
    "serve": "npm run build && firebase emulators:start --only functions",
    "shell": "npm run build && firebase functions:shell",
    "start": "npm run shell",
    "deploy": "firebase deploy --only functions",
    "logs": "firebase functions:log"
  },
  "engines": {
    "node": "22"
  },
  "main": "lib/index.js",
  "dependencies": {
    "firebase-admin": "^12.6.0",
    "firebase-functions": "^6.0.1"
  },
  "devDependencies": {
    "@typescript-eslint/eslint-plugin": "^5.12.0",
    "@typescript-eslint/parser": "^5.12.0",
    "eslint": "^8.9.0",
    "eslint-config-google": "^0.14.0",
    "eslint-plugin-import": "^2.25.4",
    "firebase-functions-test": "^3.1.0",
    "typescript": "^4.9.0"
  },
  "private": true
}
[debug] [2025-02-13T20:39:32.822Z] Building nodejs source
[debug] [2025-02-13T20:39:32.822Z] Failed to find version of module node: reached end of search path /home/german/Archives/date-in-latam/functions/node_modules
[warn] ⚠  functions: Your requested "node" version "22" doesn't match your global version "20". Using node@20 from host. 
[debug] [2025-02-13T20:39:32.822Z] Could not find functions.yaml. Must use http discovery
[debug] [2025-02-13T20:39:32.823Z] Found firebase-functions binary at '/home/german/Archives/date-in-latam/functions/node_modules/.bin/firebase-functions'
[info] Serving at port 8906

[debug] [2025-02-13T20:39:32.993Z] Got response from /__/functions.yaml {"endpoints":{"addUser":{"availableMemoryMb":null,"timeoutSeconds":null,"minInstances":null,"maxInstances":null,"ingressSettings":null,"concurrency":null,"serviceAccountEmail":null,"vpc":null,"platform":"gcfv2","labels":{},"httpsTrigger":{},"entryPoint":"addUser"}},"specVersion":"v1alpha1","requiredAPIs":[],"extensions":{}}
[info] ✔  functions: Loaded functions definitions from source: addUser. {"metadata":{"emulator":{"name":"functions"},"message":"Loaded functions definitions from source: addUser."}}
[info] ✔  functions: Loaded functions definitions from source: addUser. {"metadata":{"emulator":{"name":"functions"},"message":"Loaded functions definitions from source: addUser."}}
[debug] [2025-02-13T20:39:50.207Z] File /home/german/Archives/date-in-latam/functions/src/addUser.ts changed, reloading triggers {"metadata":{"emulator":{"name":"functions"},"message":"File /home/german/Archives/date-in-latam/functions/src/addUser.ts changed, reloading triggers"}}
[debug] [2025-02-13T20:39:50.535Z] File /home/german/Archives/date-in-latam/functions/lib/addUser.js.map changed, reloading triggers {"metadata":{"emulator":{"name":"functions"},"message":"File /home/german/Archives/date-in-latam/functions/lib/addUser.js.map changed, reloading triggers"}}
[debug] [2025-02-13T20:39:50.535Z] File /home/german/Archives/date-in-latam/functions/lib/addUser.js changed, reloading triggers {"metadata":{"emulator":{"name":"functions"},"message":"File /home/german/Archives/date-in-latam/functions/lib/addUser.js changed, reloading triggers"}}
[debug] [2025-02-13T20:39:51.536Z] Validating nodejs source
[warn] ⚠  functions: package.json indicates an outdated version of firebase-functions. Please upgrade using npm install --save firebase-functions@latest in your functions directory. 
[debug] [2025-02-13T20:39:52.009Z] > [functions] package.json contents: {
  "name": "functions",
  "scripts": {
    "lint": "eslint --ext .js,.ts .",
    "build": "tsc",
    "build:watch": "tsc --watch",
    "serve": "npm run build && firebase emulators:start --only functions",
    "shell": "npm run build && firebase functions:shell",
    "start": "npm run shell",
    "deploy": "firebase deploy --only functions",
    "logs": "firebase functions:log"
  },
  "engines": {
    "node": "22"
  },
  "main": "lib/index.js",
  "dependencies": {
    "firebase-admin": "^12.6.0",
    "firebase-functions": "^6.0.1"
  },
  "devDependencies": {
    "@typescript-eslint/eslint-plugin": "^5.12.0",
    "@typescript-eslint/parser": "^5.12.0",
    "eslint": "^8.9.0",
    "eslint-config-google": "^0.14.0",
    "eslint-plugin-import": "^2.25.4",
    "firebase-functions-test": "^3.1.0",
    "typescript": "^4.9.0"
  },
  "private": true
}
[debug] [2025-02-13T20:39:52.009Z] Building nodejs source
[debug] [2025-02-13T20:39:52.009Z] Failed to find version of module node: reached end of search path /home/german/Archives/date-in-latam/functions/node_modules
[warn] ⚠  functions: Your requested "node" version "22" doesn't match your global version "20". Using node@20 from host. 
[debug] [2025-02-13T20:39:52.009Z] Could not find functions.yaml. Must use http discovery
[debug] [2025-02-13T20:39:52.010Z] Found firebase-functions binary at '/home/german/Archives/date-in-latam/functions/node_modules/.bin/firebase-functions'
[info] Serving at port 8771

[debug] [2025-02-13T20:39:52.163Z] Got response from /__/functions.yaml {"endpoints":{"addUser":{"availableMemoryMb":null,"timeoutSeconds":null,"minInstances":null,"maxInstances":null,"ingressSettings":null,"concurrency":null,"serviceAccountEmail":null,"vpc":null,"platform":"gcfv2","labels":{},"httpsTrigger":{},"entryPoint":"addUser"}},"specVersion":"v1alpha1","requiredAPIs":[],"extensions":{}}
[info] ✔  functions: Loaded functions definitions from source: addUser. {"metadata":{"emulator":{"name":"functions"},"message":"Loaded functions definitions from source: addUser."}}
[debug] [2025-02-13T20:39:57.658Z] File /home/german/Archives/date-in-latam/functions/src/addUser.ts changed, reloading triggers {"metadata":{"emulator":{"name":"functions"},"message":"File /home/german/Archives/date-in-latam/functions/src/addUser.ts changed, reloading triggers"}}
[debug] [2025-02-13T20:39:57.948Z] File /home/german/Archives/date-in-latam/functions/lib/addUser.js.map changed, reloading triggers {"metadata":{"emulator":{"name":"functions"},"message":"File /home/german/Archives/date-in-latam/functions/lib/addUser.js.map changed, reloading triggers"}}
[debug] [2025-02-13T20:39:57.948Z] File /home/german/Archives/date-in-latam/functions/lib/addUser.js changed, reloading triggers {"metadata":{"emulator":{"name":"functions"},"message":"File /home/german/Archives/date-in-latam/functions/lib/addUser.js changed, reloading triggers"}}
[debug] [2025-02-13T20:39:58.949Z] Validating nodejs source
[warn] ⚠  functions: package.json indicates an outdated version of firebase-functions. Please upgrade using npm install --save firebase-functions@latest in your functions directory. 
[debug] [2025-02-13T20:39:59.498Z] > [functions] package.json contents: {
  "name": "functions",
  "scripts": {
    "lint": "eslint --ext .js,.ts .",
    "build": "tsc",
    "build:watch": "tsc --watch",
    "serve": "npm run build && firebase emulators:start --only functions",
    "shell": "npm run build && firebase functions:shell",
    "start": "npm run shell",
    "deploy": "firebase deploy --only functions",
    "logs": "firebase functions:log"
  },
  "engines": {
    "node": "22"
  },
  "main": "lib/index.js",
  "dependencies": {
    "firebase-admin": "^12.6.0",
    "firebase-functions": "^6.0.1"
  },
  "devDependencies": {
    "@typescript-eslint/eslint-plugin": "^5.12.0",
    "@typescript-eslint/parser": "^5.12.0",
    "eslint": "^8.9.0",
    "eslint-config-google": "^0.14.0",
    "eslint-plugin-import": "^2.25.4",
    "firebase-functions-test": "^3.1.0",
    "typescript": "^4.9.0"
  },
  "private": true
}
[debug] [2025-02-13T20:39:59.498Z] Building nodejs source
[debug] [2025-02-13T20:39:59.498Z] Failed to find version of module node: reached end of search path /home/german/Archives/date-in-latam/functions/node_modules
[warn] ⚠  functions: Your requested "node" version "22" doesn't match your global version "20". Using node@20 from host. 
[debug] [2025-02-13T20:39:59.499Z] Could not find functions.yaml. Must use http discovery
[debug] [2025-02-13T20:39:59.499Z] Found firebase-functions binary at '/home/german/Archives/date-in-latam/functions/node_modules/.bin/firebase-functions'
[info] Serving at port 8773

[debug] [2025-02-13T20:39:59.673Z] Got response from /__/functions.yaml {"endpoints":{"addUser":{"availableMemoryMb":null,"timeoutSeconds":null,"minInstances":null,"maxInstances":null,"ingressSettings":null,"concurrency":null,"serviceAccountEmail":null,"vpc":null,"platform":"gcfv2","labels":{},"httpsTrigger":{},"entryPoint":"addUser"}},"specVersion":"v1alpha1","requiredAPIs":[],"extensions":{}}
[debug] [2025-02-13T20:40:02.580Z] File /home/german/Archives/date-in-latam/functions/src/addUser.ts changed, reloading triggers {"metadata":{"emulator":{"name":"functions"},"message":"File /home/german/Archives/date-in-latam/functions/src/addUser.ts changed, reloading triggers"}}
[debug] [2025-02-13T20:40:02.861Z] File /home/german/Archives/date-in-latam/functions/lib/addUser.js.map changed, reloading triggers {"metadata":{"emulator":{"name":"functions"},"message":"File /home/german/Archives/date-in-latam/functions/lib/addUser.js.map changed, reloading triggers"}}
[debug] [2025-02-13T20:40:02.861Z] File /home/german/Archives/date-in-latam/functions/lib/addUser.js changed, reloading triggers {"metadata":{"emulator":{"name":"functions"},"message":"File /home/german/Archives/date-in-latam/functions/lib/addUser.js changed, reloading triggers"}}
[debug] [2025-02-13T20:40:03.862Z] Validating nodejs source
[warn] ⚠  functions: package.json indicates an outdated version of firebase-functions. Please upgrade using npm install --save firebase-functions@latest in your functions directory. 
[debug] [2025-02-13T20:40:04.393Z] > [functions] package.json contents: {
  "name": "functions",
  "scripts": {
    "lint": "eslint --ext .js,.ts .",
    "build": "tsc",
    "build:watch": "tsc --watch",
    "serve": "npm run build && firebase emulators:start --only functions",
    "shell": "npm run build && firebase functions:shell",
    "start": "npm run shell",
    "deploy": "firebase deploy --only functions",
    "logs": "firebase functions:log"
  },
  "engines": {
    "node": "22"
  },
  "main": "lib/index.js",
  "dependencies": {
    "firebase-admin": "^12.6.0",
    "firebase-functions": "^6.0.1"
  },
  "devDependencies": {
    "@typescript-eslint/eslint-plugin": "^5.12.0",
    "@typescript-eslint/parser": "^5.12.0",
    "eslint": "^8.9.0",
    "eslint-config-google": "^0.14.0",
    "eslint-plugin-import": "^2.25.4",
    "firebase-functions-test": "^3.1.0",
    "typescript": "^4.9.0"
  },
  "private": true
}
[debug] [2025-02-13T20:40:04.393Z] Building nodejs source
[debug] [2025-02-13T20:40:04.394Z] Failed to find version of module node: reached end of search path /home/german/Archives/date-in-latam/functions/node_modules
[warn] ⚠  functions: Your requested "node" version "22" doesn't match your global version "20". Using node@20 from host. 
[debug] [2025-02-13T20:40:04.394Z] Could not find functions.yaml. Must use http discovery
[debug] [2025-02-13T20:40:04.394Z] Found firebase-functions binary at '/home/german/Archives/date-in-latam/functions/node_modules/.bin/firebase-functions'
[debug] [2025-02-13T20:40:04.396Z] File /home/german/Archives/date-in-latam/functions/src/addUser.ts changed, reloading triggers {"metadata":{"emulator":{"name":"functions"},"message":"File /home/german/Archives/date-in-latam/functions/src/addUser.ts changed, reloading triggers"}}
[info] Serving at port 8423

[error] /home/german/Archives/date-in-latam/functions/lib/addUser.js:30
    console.log(admin.);
                      ^

SyntaxError: Unexpected token ')'
    at wrapSafe (node:internal/modules/cjs/loader:1281:20)
    at Module._compile (node:internal/modules/cjs/loader:1321:27)
    at Module._extensions..js (node:internal/modules/cjs/loader:1416:10)
    at Module.load (node:internal/modules/cjs/loader:1208:32)
    at Module._load (node:internal/modules/cjs/loader:1024:12)
    at Module.require (node:internal/modules/cjs/loader:1233:19)
    at require (node:internal/modules/helpers:179:18)
    at Object.<anonymous> (/home/german/Archives/date-in-latam/functions/lib/index.js:29:19)
    at Module._compile (node:internal/modules/cjs/loader:1358:14)
    at Module._extensions..js (node:internal/modules/cjs/loader:1416:10)

[debug] [2025-02-13T20:40:04.493Z] Got response code 400; body Failed to generate manifest from function source: SyntaxError: Unexpected token ')'
[debug] [2025-02-13T20:40:04.616Z] File /home/german/Archives/date-in-latam/functions/lib/addUser.js.map changed, reloading triggers {"metadata":{"emulator":{"name":"functions"},"message":"File /home/german/Archives/date-in-latam/functions/lib/addUser.js.map changed, reloading triggers"}}
[debug] [2025-02-13T20:40:04.616Z] File /home/german/Archives/date-in-latam/functions/lib/addUser.js changed, reloading triggers {"metadata":{"emulator":{"name":"functions"},"message":"File /home/german/Archives/date-in-latam/functions/lib/addUser.js changed, reloading triggers"}}
[info] ✔  functions: Loaded functions definitions from source: addUser. {"metadata":{"emulator":{"name":"functions"},"message":"Loaded functions definitions from source: addUser."}}
[debug] [2025-02-13T20:40:05.617Z] Validating nodejs source
[warn] ⚠  functions: package.json indicates an outdated version of firebase-functions. Please upgrade using npm install --save firebase-functions@latest in your functions directory. 
[debug] [2025-02-13T20:40:06.116Z] > [functions] package.json contents: {
  "name": "functions",
  "scripts": {
    "lint": "eslint --ext .js,.ts .",
    "build": "tsc",
    "build:watch": "tsc --watch",
    "serve": "npm run build && firebase emulators:start --only functions",
    "shell": "npm run build && firebase functions:shell",
    "start": "npm run shell",
    "deploy": "firebase deploy --only functions",
    "logs": "firebase functions:log"
  },
  "engines": {
    "node": "22"
  },
  "main": "lib/index.js",
  "dependencies": {
    "firebase-admin": "^12.6.0",
    "firebase-functions": "^6.0.1"
  },
  "devDependencies": {
    "@typescript-eslint/eslint-plugin": "^5.12.0",
    "@typescript-eslint/parser": "^5.12.0",
    "eslint": "^8.9.0",
    "eslint-config-google": "^0.14.0",
    "eslint-plugin-import": "^2.25.4",
    "firebase-functions-test": "^3.1.0",
    "typescript": "^4.9.0"
  },
  "private": true
}
[debug] [2025-02-13T20:40:06.116Z] Building nodejs source
[debug] [2025-02-13T20:40:06.116Z] Failed to find version of module node: reached end of search path /home/german/Archives/date-in-latam/functions/node_modules
[warn] ⚠  functions: Your requested "node" version "22" doesn't match your global version "20". Using node@20 from host. 
[debug] [2025-02-13T20:40:06.116Z] Could not find functions.yaml. Must use http discovery
[debug] [2025-02-13T20:40:06.117Z] Found firebase-functions binary at '/home/german/Archives/date-in-latam/functions/node_modules/.bin/firebase-functions'
[info] Serving at port 8598

[debug] [2025-02-13T20:40:06.276Z] Got response from /__/functions.yaml {"endpoints":{"addUser":{"availableMemoryMb":null,"timeoutSeconds":null,"minInstances":null,"maxInstances":null,"ingressSettings":null,"concurrency":null,"serviceAccountEmail":null,"vpc":null,"platform":"gcfv2","labels":{},"httpsTrigger":{},"entryPoint":"addUser"}},"specVersion":"v1alpha1","requiredAPIs":[],"extensions":{}}
[error] ⬢  functions: Failed to load function definition from source: FirebaseError: Functions codebase could not be analyzed successfully. It may have a syntax or runtime error {"metadata":{"emulator":{"name":"functions"},"message":"Failed to load function definition from source: FirebaseError: Functions codebase could not be analyzed successfully. It may have a syntax or runtime error"}}
[info] ✔  functions: Loaded functions definitions from source: addUser. {"metadata":{"emulator":{"name":"functions"},"message":"Loaded functions definitions from source: addUser."}}
[debug] [2025-02-15T01:35:57.663Z] ----------------------------------------------------------------------
[debug] [2025-02-15T01:35:57.665Z] Command:       /home/german/.nvm/versions/node/v20.14.0/bin/node /home/german/.nvm/versions/node/v20.14.0/bin/firebase serve --only functions
[debug] [2025-02-15T01:35:57.666Z] CLI Version:   13.29.2
[debug] [2025-02-15T01:35:57.666Z] Platform:      linux
[debug] [2025-02-15T01:35:57.666Z] Node Version:  v20.14.0
[debug] [2025-02-15T01:35:57.666Z] Time:          Fri Feb 14 2025 22:35:57 GMT-0300 (Argentina Standard Time)
[debug] [2025-02-15T01:35:57.666Z] ----------------------------------------------------------------------
[debug] 
[debug] [2025-02-15T01:35:57.668Z] >>> [apiv2][query] GET https://firebase-public.firebaseio.com/cli.json [none]
[debug] [2025-02-15T01:35:57.837Z] > command requires scopes: ["email","openid","https://www.googleapis.com/auth/cloudplatformprojects.readonly","https://www.googleapis.com/auth/firebase","https://www.googleapis.com/auth/cloud-platform"]
[debug] [2025-02-15T01:35:57.838Z] > authorizing via signed-in user (german.1990.cuevas@gmail.com)
[debug] [2025-02-15T01:35:57.838Z] [iam] checking project date-in-latam for permissions ["firebase.projects.get"]
[debug] [2025-02-15T01:35:57.838Z] Checked if tokens are valid: false, expires at: 1739482335315
[debug] [2025-02-15T01:35:57.838Z] Checked if tokens are valid: false, expires at: 1739482335315
[debug] [2025-02-15T01:35:57.839Z] > refreshing access token with scopes: []
[debug] [2025-02-15T01:35:57.839Z] >>> [apiv2][query] POST https://www.googleapis.com/oauth2/v3/token [none]
[debug] [2025-02-15T01:35:57.839Z] >>> [apiv2][body] POST https://www.googleapis.com/oauth2/v3/token [omitted]
[debug] [2025-02-15T01:35:57.985Z] <<< [apiv2][status] POST https://www.googleapis.com/oauth2/v3/token 200
[debug] [2025-02-15T01:35:57.985Z] <<< [apiv2][body] POST https://www.googleapis.com/oauth2/v3/token [omitted]
[debug] [2025-02-15T01:35:57.994Z] >>> [apiv2][query] POST https://cloudresourcemanager.googleapis.com/v1/projects/date-in-latam:testIamPermissions [none]
[debug] [2025-02-15T01:35:57.994Z] >>> [apiv2][(partial)header] POST https://cloudresourcemanager.googleapis.com/v1/projects/date-in-latam:testIamPermissions x-goog-quota-user=projects/date-in-latam
[debug] [2025-02-15T01:35:57.995Z] >>> [apiv2][body] POST https://cloudresourcemanager.googleapis.com/v1/projects/date-in-latam:testIamPermissions {"permissions":["firebase.projects.get"]}
[debug] [2025-02-15T01:35:58.200Z] <<< [apiv2][status] GET https://firebase-public.firebaseio.com/cli.json 200
[debug] [2025-02-15T01:35:58.200Z] <<< [apiv2][body] GET https://firebase-public.firebaseio.com/cli.json {"cloudBuildErrorAfter":1594252800000,"cloudBuildWarnAfter":1590019200000,"defaultNode10After":1594252800000,"minVersion":"3.0.5","node8DeploysDisabledAfter":1613390400000,"node8RuntimeDisabledAfter":1615809600000,"node8WarnAfter":1600128000000}
[debug] [2025-02-15T01:35:58.896Z] <<< [apiv2][status] POST https://cloudresourcemanager.googleapis.com/v1/projects/date-in-latam:testIamPermissions 200
[debug] [2025-02-15T01:35:58.896Z] <<< [apiv2][body] POST https://cloudresourcemanager.googleapis.com/v1/projects/date-in-latam:testIamPermissions {"permissions":["firebase.projects.get"]}
[debug] [2025-02-15T01:35:58.896Z] Checked if tokens are valid: true, expires at: 1739586956986
[debug] [2025-02-15T01:35:58.896Z] Checked if tokens are valid: true, expires at: 1739586956986
[debug] [2025-02-15T01:35:58.896Z] >>> [apiv2][query] GET https://cloudresourcemanager.googleapis.com/v1/projects/date-in-latam [none]
[debug] [2025-02-15T01:35:59.123Z] <<< [apiv2][status] GET https://cloudresourcemanager.googleapis.com/v1/projects/date-in-latam 200
[debug] [2025-02-15T01:35:59.124Z] <<< [apiv2][body] GET https://cloudresourcemanager.googleapis.com/v1/projects/date-in-latam {"projectNumber":"231574351646","projectId":"date-in-latam","lifecycleState":"ACTIVE","name":"date-in-latam","labels":{"firebase":"enabled"},"createTime":"2024-09-06T02:52:57.285642Z"}
[debug] [2025-02-15T01:35:59.127Z] defaultcredentials: writing to file /home/german/.config/firebase/german_1990.cuevas_gmail.com_application_default_credentials.json
[debug] [2025-02-15T01:35:59.128Z] Setting GAC to /home/german/.config/firebase/german_1990.cuevas_gmail.com_application_default_credentials.json {"metadata":{"emulator":{"name":"functions"},"message":"Setting GAC to /home/german/.config/firebase/german_1990.cuevas_gmail.com_application_default_credentials.json"}}
[debug] [2025-02-15T01:35:59.129Z] Checked if tokens are valid: true, expires at: 1739586956986
[debug] [2025-02-15T01:35:59.129Z] Checked if tokens are valid: true, expires at: 1739586956986
[debug] [2025-02-15T01:35:59.129Z] >>> [apiv2][query] GET https://firebase.googleapis.com/v1beta1/projects/date-in-latam/adminSdkConfig [none]
[debug] [2025-02-15T01:35:59.671Z] <<< [apiv2][status] GET https://firebase.googleapis.com/v1beta1/projects/date-in-latam/adminSdkConfig 200
[debug] [2025-02-15T01:35:59.671Z] <<< [apiv2][body] GET https://firebase.googleapis.com/v1beta1/projects/date-in-latam/adminSdkConfig {"projectId":"date-in-latam","storageBucket":"date-in-latam.firebasestorage.app"}
[info] i  functions: Watching "/home/german/Archives/date-in-latam/functions" for Cloud Functions... {"metadata":{"emulator":{"name":"functions"},"message":"Watching \"/home/german/Archives/date-in-latam/functions\" for Cloud Functions..."}}
[debug] [2025-02-15T01:35:59.682Z] Validating nodejs source
[warn] ⚠  functions: package.json indicates an outdated version of firebase-functions. Please upgrade using npm install --save firebase-functions@latest in your functions directory. 
[debug] [2025-02-15T01:36:00.418Z] > [functions] package.json contents: {
  "name": "functions",
  "scripts": {
    "lint": "eslint --ext .js,.ts .",
    "build": "tsc",
    "build:watch": "tsc --watch",
    "serve": "npm run build && firebase emulators:start --only functions",
    "shell": "npm run build && firebase functions:shell",
    "start": "npm run shell",
    "deploy": "firebase deploy --only functions",
    "logs": "firebase functions:log"
  },
  "engines": {
    "node": "22"
  },
  "main": "lib/index.js",
  "dependencies": {
    "firebase-admin": "^12.6.0",
    "firebase-functions": "^6.0.1"
  },
  "devDependencies": {
    "@typescript-eslint/eslint-plugin": "^5.12.0",
    "@typescript-eslint/parser": "^5.12.0",
    "eslint": "^8.9.0",
    "eslint-config-google": "^0.14.0",
    "eslint-plugin-import": "^2.25.4",
    "firebase-functions-test": "^3.1.0",
    "typescript": "^4.9.0"
  },
  "private": true
}
[debug] [2025-02-15T01:36:00.418Z] Building nodejs source
[debug] [2025-02-15T01:36:00.419Z] Failed to find version of module node: reached end of search path /home/german/Archives/date-in-latam/functions/node_modules
[warn] ⚠  functions: Your requested "node" version "22" doesn't match your global version "20". Using node@20 from host. 
[debug] [2025-02-15T01:36:00.420Z] Could not find functions.yaml. Must use http discovery
[debug] [2025-02-15T01:36:00.422Z] Found firebase-functions binary at '/home/german/Archives/date-in-latam/functions/node_modules/.bin/firebase-functions'
[info] Serving at port 8134

[debug] [2025-02-15T01:36:00.746Z] Got response from /__/functions.yaml {"endpoints":{"addUser":{"availableMemoryMb":null,"timeoutSeconds":null,"minInstances":null,"maxInstances":null,"ingressSettings":null,"concurrency":null,"serviceAccountEmail":null,"vpc":null,"platform":"gcfv2","labels":{},"httpsTrigger":{},"entryPoint":"addUser"}},"specVersion":"v1alpha1","requiredAPIs":[],"extensions":{}}
[info] ✔  functions: Loaded functions definitions from source: addUser. {"metadata":{"emulator":{"name":"functions"},"message":"Loaded functions definitions from source: addUser."}}
[info] ✔  functions[us-central1-addUser]: http function initialized (http://localhost:5000/date-in-latam/us-central1/addUser). {"metadata":{"emulator":{"name":"functions"},"message":"\u001b[1mhttp\u001b[22m function initialized (http://localhost:5000/date-in-latam/us-central1/addUser)."}}
[debug] [2025-02-15T01:44:16.079Z] [work-queue] {"queuedWork":["/date-in-latam/us-central1/addUser-2025-02-15T01:44:16.079Z"],"queueLength":1,"runningWork":[],"workRunningCount":0}
[debug] [2025-02-15T01:44:16.080Z] [work-queue] {"queuedWork":[],"queueLength":0,"runningWork":["/date-in-latam/us-central1/addUser-2025-02-15T01:44:16.079Z"],"workRunningCount":1}
[debug] [2025-02-15T01:44:16.080Z] Accepted request GET /date-in-latam/us-central1/addUser --> us-central1-addUser
[debug] [2025-02-15T01:44:16.082Z] [functions] Runtime ready! Sending request! {"metadata":{"emulator":{"name":"functions"},"message":"[functions] Runtime ready! Sending request!"}}
[debug] [2025-02-15T01:44:16.083Z] [functions] Got req.url=/date-in-latam/us-central1/addUser, mapping to path=/ {"metadata":{"emulator":{"name":"functions"},"message":"[functions] Got req.url=/date-in-latam/us-central1/addUser, mapping to path=/"}}
[debug] [2025-02-15T01:44:16.086Z] [worker-pool] addWorker(us-central1-addUser) {"metadata":{"emulator":{"name":"functions"},"message":"[worker-pool] addWorker(us-central1-addUser)"}}
[debug] [2025-02-15T01:44:16.087Z] [worker-pool] Adding worker with key us-central1-addUser, total=1 {"metadata":{"emulator":{"name":"functions"},"message":"[worker-pool] Adding worker with key us-central1-addUser, total=1"}}
[debug] [2025-02-15T01:44:17.290Z] [runtime-status] [66097] Resolved module firebase-admin {"declared":true,"installed":true,"version":"12.7.0","resolution":"/home/german/Archives/date-in-latam/functions/node_modules/firebase-admin/lib/index.js"} {"metadata":{"emulator":{"name":"functions"},"function":{"name":"us-central1-addUser"},"extension":{},"message":"[runtime-status] [66097] Resolved module firebase-admin {\"declared\":true,\"installed\":true,\"version\":\"12.7.0\",\"resolution\":\"/home/german/Archives/date-in-latam/functions/node_modules/firebase-admin/lib/index.js\"}"}}
[debug] [2025-02-15T01:44:17.291Z] [runtime-status] [66097] Resolved module firebase-functions {"declared":true,"installed":true,"version":"6.2.0","resolution":"/home/german/Archives/date-in-latam/functions/node_modules/firebase-functions/lib/v2/index.js"} {"metadata":{"emulator":{"name":"functions"},"function":{"name":"us-central1-addUser"},"extension":{},"message":"[runtime-status] [66097] Resolved module firebase-functions {\"declared\":true,\"installed\":true,\"version\":\"6.2.0\",\"resolution\":\"/home/german/Archives/date-in-latam/functions/node_modules/firebase-functions/lib/v2/index.js\"}"}}
[debug] [2025-02-15T01:44:17.291Z] [runtime-status] [66097] Outgoing network have been stubbed. [{"name":"http","status":"mocked"},{"name":"http","status":"mocked"},{"name":"https","status":"mocked"},{"name":"https","status":"mocked"},{"name":"net","status":"mocked"}] {"metadata":{"emulator":{"name":"functions"},"function":{"name":"us-central1-addUser"},"extension":{},"message":"[runtime-status] [66097] Outgoing network have been stubbed. [{\"name\":\"http\",\"status\":\"mocked\"},{\"name\":\"http\",\"status\":\"mocked\"},{\"name\":\"https\",\"status\":\"mocked\"},{\"name\":\"https\",\"status\":\"mocked\"},{\"name\":\"net\",\"status\":\"mocked\"}]"}}
[debug] [2025-02-15T01:44:17.292Z] [runtime-status] [66097] Resolved module firebase-functions {"declared":true,"installed":true,"version":"6.2.0","resolution":"/home/german/Archives/date-in-latam/functions/node_modules/firebase-functions/lib/v2/index.js"} {"metadata":{"emulator":{"name":"functions"},"function":{"name":"us-central1-addUser"},"extension":{},"message":"[runtime-status] [66097] Resolved module firebase-functions {\"declared\":true,\"installed\":true,\"version\":\"6.2.0\",\"resolution\":\"/home/german/Archives/date-in-latam/functions/node_modules/firebase-functions/lib/v2/index.js\"}"}}
[debug] [2025-02-15T01:44:17.552Z] [runtime-status] [66097] Checked functions.config() {"config":{}} {"metadata":{"emulator":{"name":"functions"},"function":{"name":"us-central1-addUser"},"extension":{},"message":"[runtime-status] [66097] Checked functions.config() {\"config\":{}}"}}
[debug] [2025-02-15T01:44:17.553Z] [runtime-status] [66097] firebase-functions has been stubbed. {"functionsResolution":{"declared":true,"installed":true,"version":"6.2.0","resolution":"/home/german/Archives/date-in-latam/functions/node_modules/firebase-functions/lib/v2/index.js"}} {"metadata":{"emulator":{"name":"functions"},"function":{"name":"us-central1-addUser"},"extension":{},"message":"[runtime-status] [66097] firebase-functions has been stubbed. {\"functionsResolution\":{\"declared\":true,\"installed\":true,\"version\":\"6.2.0\",\"resolution\":\"/home/german/Archives/date-in-latam/functions/node_modules/firebase-functions/lib/v2/index.js\"}}"}}
[debug] [2025-02-15T01:44:17.553Z] [runtime-status] [66097] Resolved module firebase-functions {"declared":true,"installed":true,"version":"6.2.0","resolution":"/home/german/Archives/date-in-latam/functions/node_modules/firebase-functions/lib/v2/index.js"} {"metadata":{"emulator":{"name":"functions"},"function":{"name":"us-central1-addUser"},"extension":{},"message":"[runtime-status] [66097] Resolved module firebase-functions {\"declared\":true,\"installed\":true,\"version\":\"6.2.0\",\"resolution\":\"/home/german/Archives/date-in-latam/functions/node_modules/firebase-functions/lib/v2/index.js\"}"}}
[debug] [2025-02-15T01:44:17.555Z] [runtime-status] [66097] Resolved module firebase-admin {"declared":true,"installed":true,"version":"12.7.0","resolution":"/home/german/Archives/date-in-latam/functions/node_modules/firebase-admin/lib/index.js"} {"metadata":{"emulator":{"name":"functions"},"function":{"name":"us-central1-addUser"},"extension":{},"message":"[runtime-status] [66097] Resolved module firebase-admin {\"declared\":true,\"installed\":true,\"version\":\"12.7.0\",\"resolution\":\"/home/german/Archives/date-in-latam/functions/node_modules/firebase-admin/lib/index.js\"}"}}
[debug] [2025-02-15T01:44:17.557Z] [runtime-status] [66097] Resolved module firebase-functions {"declared":true,"installed":true,"version":"6.2.0","resolution":"/home/german/Archives/date-in-latam/functions/node_modules/firebase-functions/lib/v2/index.js"} {"metadata":{"emulator":{"name":"functions"},"function":{"name":"us-central1-addUser"},"extension":{},"message":"[runtime-status] [66097] Resolved module firebase-functions {\"declared\":true,\"installed\":true,\"version\":\"6.2.0\",\"resolution\":\"/home/german/Archives/date-in-latam/functions/node_modules/firebase-functions/lib/v2/index.js\"}"}}
[debug] [2025-02-15T01:44:17.557Z] [runtime-status] [66097] firebase-admin has been stubbed. {"adminResolution":{"declared":true,"installed":true,"version":"12.7.0","resolution":"/home/german/Archives/date-in-latam/functions/node_modules/firebase-admin/lib/index.js"}} {"metadata":{"emulator":{"name":"functions"},"function":{"name":"us-central1-addUser"},"extension":{},"message":"[runtime-status] [66097] firebase-admin has been stubbed. {\"adminResolution\":{\"declared\":true,\"installed\":true,\"version\":\"12.7.0\",\"resolution\":\"/home/german/Archives/date-in-latam/functions/node_modules/firebase-admin/lib/index.js\"}}"}}
[debug] [2025-02-15T01:44:17.559Z] [runtime-status] [66097] initializeApp(DEFAULT) {"storageBucket":"date-in-latam.firebasestorage.app","projectId":"date-in-latam"} {"metadata":{"emulator":{"name":"functions"},"function":{"name":"us-central1-addUser"},"extension":{},"message":"[runtime-status] [66097] initializeApp(DEFAULT) {\"storageBucket\":\"date-in-latam.firebasestorage.app\",\"projectId\":\"date-in-latam\"}"}}
[debug] [2025-02-15T01:44:17.564Z] [runtime-status] [66097] Functions runtime initialized. {"cwd":"/home/german/Archives/date-in-latam/functions","node_version":"20.14.0"} {"metadata":{"emulator":{"name":"functions"},"function":{"name":"us-central1-addUser"},"extension":{},"message":"[runtime-status] [66097] Functions runtime initialized. {\"cwd\":\"/home/german/Archives/date-in-latam/functions\",\"node_version\":\"20.14.0\"}"}}
[debug] [2025-02-15T01:44:17.565Z] [runtime-status] [66097] Listening to port: /tmp/fire_emu_97fbe2866f395caf.sock {"metadata":{"emulator":{"name":"functions"},"function":{"name":"us-central1-addUser"},"extension":{},"message":"[runtime-status] [66097] Listening to port: /tmp/fire_emu_97fbe2866f395caf.sock"}}
[debug] [2025-02-15T01:44:17.604Z] [worker-us-central1-addUser-05f51681-c64a-442d-8c89-39cf7aeb9835]: IDLE {"metadata":{"emulator":{"name":"functions"},"function":{"name":"us-central1-addUser"},"extension":{},"message":"[worker-us-central1-addUser-05f51681-c64a-442d-8c89-39cf7aeb9835]: IDLE"}}
[debug] [2025-02-15T01:44:17.604Z] [worker-pool] submitRequest(triggerId=us-central1-addUser) {"metadata":{"emulator":{"name":"functions"},"message":"[worker-pool] submitRequest(triggerId=us-central1-addUser)"}}
[info] i  functions: Beginning execution of "us-central1-addUser" {"metadata":{"emulator":{"name":"functions"},"function":{"name":"us-central1-addUser"},"extension":{},"message":"Beginning execution of \"us-central1-addUser\""}}
[debug] [2025-02-15T01:44:17.605Z] [worker-us-central1-addUser-05f51681-c64a-442d-8c89-39cf7aeb9835]: BUSY {"metadata":{"emulator":{"name":"functions"},"function":{"name":"us-central1-addUser"},"extension":{},"message":"[worker-us-central1-addUser-05f51681-c64a-442d-8c89-39cf7aeb9835]: BUSY"}}
[warn] ⚠  functions: The Cloud Firestore emulator is not running, so calls to Firestore will affect production. {"metadata":{"emulator":{"name":"functions"},"function":{"name":"us-central1-addUser"},"extension":{},"message":"The Cloud Firestore emulator is not running, so calls to Firestore will affect production."}}
[info] >  [Function: bound fn] {"user":"[Function: bound fn]","metadata":{"emulator":{"name":"functions"},"function":{"name":"us-central1-addUser"},"extension":{},"message":"\u001b[90m> \u001b[39m [Function: bound fn]"}}
[debug] [2025-02-15T01:44:17.611Z] Finishing up request with event=pause {"metadata":{"emulator":{"name":"functions"},"function":{"name":"us-central1-addUser"},"extension":{},"message":"Finishing up request with event=pause"}}
[info] i  functions: Finished "us-central1-addUser" in 6.592651ms {"metadata":{"emulator":{"name":"functions"},"function":{"name":"us-central1-addUser"},"extension":{},"message":"Finished \"us-central1-addUser\" in 6.592651ms"}}
[debug] [2025-02-15T01:44:17.612Z] [worker-us-central1-addUser-05f51681-c64a-442d-8c89-39cf7aeb9835]: IDLE {"metadata":{"emulator":{"name":"functions"},"function":{"name":"us-central1-addUser"},"extension":{},"message":"[worker-us-central1-addUser-05f51681-c64a-442d-8c89-39cf7aeb9835]: IDLE"}}
[debug] [2025-02-15T01:44:17.612Z] Finishing up request with event=finish {"metadata":{"emulator":{"name":"functions"},"function":{"name":"us-central1-addUser"},"extension":{},"message":"Finishing up request with event=finish"}}
[debug] [2025-02-15T01:44:17.612Z] Finishing up request with event=close {"metadata":{"emulator":{"name":"functions"},"function":{"name":"us-central1-addUser"},"extension":{},"message":"Finishing up request with event=close"}}
[debug] [2025-02-15T01:44:17.612Z] [work-queue] {"queuedWork":[],"queueLength":0,"runningWork":[],"workRunningCount":0}
[debug] [2025-02-15T01:45:26.296Z] [work-queue] {"queuedWork":["/date-in-latam/us-central1/addUser-2025-02-15T01:45:26.296Z"],"queueLength":1,"runningWork":[],"workRunningCount":0}
[debug] [2025-02-15T01:45:26.297Z] [work-queue] {"queuedWork":[],"queueLength":0,"runningWork":["/date-in-latam/us-central1/addUser-2025-02-15T01:45:26.296Z"],"workRunningCount":1}
[debug] [2025-02-15T01:45:26.297Z] Accepted request GET /date-in-latam/us-central1/addUser --> us-central1-addUser
[debug] [2025-02-15T01:45:26.297Z] [functions] Runtime ready! Sending request! {"metadata":{"emulator":{"name":"functions"},"message":"[functions] Runtime ready! Sending request!"}}
[debug] [2025-02-15T01:45:26.297Z] [functions] Got req.url=/date-in-latam/us-central1/addUser, mapping to path=/ {"metadata":{"emulator":{"name":"functions"},"message":"[functions] Got req.url=/date-in-latam/us-central1/addUser, mapping to path=/"}}
[debug] [2025-02-15T01:45:26.298Z] [worker-pool] submitRequest(triggerId=us-central1-addUser) {"metadata":{"emulator":{"name":"functions"},"message":"[worker-pool] submitRequest(triggerId=us-central1-addUser)"}}
[info] i  functions: Beginning execution of "us-central1-addUser" {"metadata":{"emulator":{"name":"functions"},"function":{"name":"us-central1-addUser"},"extension":{},"message":"Beginning execution of \"us-central1-addUser\""}}
[debug] [2025-02-15T01:45:26.298Z] [worker-us-central1-addUser-05f51681-c64a-442d-8c89-39cf7aeb9835]: BUSY {"metadata":{"emulator":{"name":"functions"},"function":{"name":"us-central1-addUser"},"extension":{},"message":"[worker-us-central1-addUser-05f51681-c64a-442d-8c89-39cf7aeb9835]: BUSY"}}
[info] >  [Function: bound fn] {"user":"[Function: bound fn]","metadata":{"emulator":{"name":"functions"},"function":{"name":"us-central1-addUser"},"extension":{},"message":"\u001b[90m> \u001b[39m [Function: bound fn]"}}
[debug] [2025-02-15T01:45:26.301Z] Finishing up request with event=pause {"metadata":{"emulator":{"name":"functions"},"function":{"name":"us-central1-addUser"},"extension":{},"message":"Finishing up request with event=pause"}}
[info] i  functions: Finished "us-central1-addUser" in 2.898395ms {"metadata":{"emulator":{"name":"functions"},"function":{"name":"us-central1-addUser"},"extension":{},"message":"Finished \"us-central1-addUser\" in 2.898395ms"}}
[debug] [2025-02-15T01:45:26.301Z] [worker-us-central1-addUser-05f51681-c64a-442d-8c89-39cf7aeb9835]: IDLE {"metadata":{"emulator":{"name":"functions"},"function":{"name":"us-central1-addUser"},"extension":{},"message":"[worker-us-central1-addUser-05f51681-c64a-442d-8c89-39cf7aeb9835]: IDLE"}}
[debug] [2025-02-15T01:45:26.301Z] Finishing up request with event=finish {"metadata":{"emulator":{"name":"functions"},"function":{"name":"us-central1-addUser"},"extension":{},"message":"Finishing up request with event=finish"}}
[debug] [2025-02-15T01:45:26.301Z] Finishing up request with event=close {"metadata":{"emulator":{"name":"functions"},"function":{"name":"us-central1-addUser"},"extension":{},"message":"Finishing up request with event=close"}}
[debug] [2025-02-15T01:45:26.301Z] [work-queue] {"queuedWork":[],"queueLength":0,"runningWork":[],"workRunningCount":0}
[debug] [2025-02-15T01:48:45.441Z] File /home/german/Archives/date-in-latam/functions/src/addUser.ts changed, reloading triggers {"metadata":{"emulator":{"name":"functions"},"message":"File /home/german/Archives/date-in-latam/functions/src/addUser.ts changed, reloading triggers"}}
[debug] [2025-02-15T01:48:46.449Z] Validating nodejs source
[warn] ⚠  functions: package.json indicates an outdated version of firebase-functions. Please upgrade using npm install --save firebase-functions@latest in your functions directory. 
[debug] [2025-02-15T01:48:47.940Z] > [functions] package.json contents: {
  "name": "functions",
  "scripts": {
    "lint": "eslint --ext .js,.ts .",
    "build": "tsc",
    "build:watch": "tsc --watch",
    "serve": "npm run build && firebase emulators:start --only functions",
    "shell": "npm run build && firebase functions:shell",
    "start": "npm run shell",
    "deploy": "firebase deploy --only functions",
    "logs": "firebase functions:log"
  },
  "engines": {
    "node": "22"
  },
  "main": "lib/index.js",
  "dependencies": {
    "firebase-admin": "^12.6.0",
    "firebase-functions": "^6.0.1"
  },
  "devDependencies": {
    "@typescript-eslint/eslint-plugin": "^5.12.0",
    "@typescript-eslint/parser": "^5.12.0",
    "eslint": "^8.9.0",
    "eslint-config-google": "^0.14.0",
    "eslint-plugin-import": "^2.25.4",
    "firebase-functions-test": "^3.1.0",
    "typescript": "^4.9.0"
  },
  "private": true
}
[debug] [2025-02-15T01:48:47.940Z] Building nodejs source
[debug] [2025-02-15T01:48:47.941Z] Failed to find version of module node: reached end of search path /home/german/Archives/date-in-latam/functions/node_modules
[warn] ⚠  functions: Your requested "node" version "22" doesn't match your global version "20". Using node@20 from host. 
[debug] [2025-02-15T01:48:47.943Z] Could not find functions.yaml. Must use http discovery
[debug] [2025-02-15T01:48:47.951Z] Found firebase-functions binary at '/home/german/Archives/date-in-latam/functions/node_modules/.bin/firebase-functions'
[info] Serving at port 8944

[debug] [2025-02-15T01:48:48.412Z] Got response from /__/functions.yaml {"endpoints":{"addUser":{"availableMemoryMb":null,"timeoutSeconds":null,"minInstances":null,"maxInstances":null,"ingressSettings":null,"concurrency":null,"serviceAccountEmail":null,"vpc":null,"platform":"gcfv2","labels":{},"httpsTrigger":{},"entryPoint":"addUser"}},"specVersion":"v1alpha1","requiredAPIs":[],"extensions":{}}
[info] ✔  functions: Loaded functions definitions from source: addUser. {"metadata":{"emulator":{"name":"functions"},"message":"Loaded functions definitions from source: addUser."}}
[debug] [2025-02-15T01:48:53.447Z] [worker-pool] Shutting down IDLE worker (us-central1-addUser) {"metadata":{"emulator":{"name":"functions"},"message":"[worker-pool] Shutting down IDLE worker (us-central1-addUser)"}}
[debug] [2025-02-15T01:48:53.447Z] [worker-us-central1-addUser-05f51681-c64a-442d-8c89-39cf7aeb9835]: FINISHING {"metadata":{"emulator":{"name":"functions"},"function":{"name":"us-central1-addUser"},"extension":{},"message":"[worker-us-central1-addUser-05f51681-c64a-442d-8c89-39cf7aeb9835]: FINISHING"}}
[debug] [2025-02-15T01:48:53.460Z] [worker-us-central1-addUser-05f51681-c64a-442d-8c89-39cf7aeb9835]: exited {"metadata":{"emulator":{"name":"functions"},"function":{"name":"us-central1-addUser"},"extension":{},"message":"[worker-us-central1-addUser-05f51681-c64a-442d-8c89-39cf7aeb9835]: exited"}}
[debug] [2025-02-15T01:48:53.461Z] [worker-us-central1-addUser-05f51681-c64a-442d-8c89-39cf7aeb9835]: FINISHED {"metadata":{"emulator":{"name":"functions"},"function":{"name":"us-central1-addUser"},"extension":{},"message":"[worker-us-central1-addUser-05f51681-c64a-442d-8c89-39cf7aeb9835]: FINISHED"}}
[debug] [2025-02-15T01:48:54.105Z] File /home/german/Archives/date-in-latam/functions/src/addUser.ts changed, reloading triggers {"metadata":{"emulator":{"name":"functions"},"message":"File /home/german/Archives/date-in-latam/functions/src/addUser.ts changed, reloading triggers"}}
[debug] [2025-02-15T01:48:55.105Z] Validating nodejs source
[warn] ⚠  functions: package.json indicates an outdated version of firebase-functions. Please upgrade using npm install --save firebase-functions@latest in your functions directory. 
[debug] [2025-02-15T01:48:56.346Z] > [functions] package.json contents: {
  "name": "functions",
  "scripts": {
    "lint": "eslint --ext .js,.ts .",
    "build": "tsc",
    "build:watch": "tsc --watch",
    "serve": "npm run build && firebase emulators:start --only functions",
    "shell": "npm run build && firebase functions:shell",
    "start": "npm run shell",
    "deploy": "firebase deploy --only functions",
    "logs": "firebase functions:log"
  },
  "engines": {
    "node": "22"
  },
  "main": "lib/index.js",
  "dependencies": {
    "firebase-admin": "^12.6.0",
    "firebase-functions": "^6.0.1"
  },
  "devDependencies": {
    "@typescript-eslint/eslint-plugin": "^5.12.0",
    "@typescript-eslint/parser": "^5.12.0",
    "eslint": "^8.9.0",
    "eslint-config-google": "^0.14.0",
    "eslint-plugin-import": "^2.25.4",
    "firebase-functions-test": "^3.1.0",
    "typescript": "^4.9.0"
  },
  "private": true
}
[debug] [2025-02-15T01:48:56.347Z] Building nodejs source
[debug] [2025-02-15T01:48:56.347Z] Failed to find version of module node: reached end of search path /home/german/Archives/date-in-latam/functions/node_modules
[warn] ⚠  functions: Your requested "node" version "22" doesn't match your global version "20". Using node@20 from host. 
[debug] [2025-02-15T01:48:56.347Z] Could not find functions.yaml. Must use http discovery
[debug] [2025-02-15T01:48:56.349Z] Found firebase-functions binary at '/home/german/Archives/date-in-latam/functions/node_modules/.bin/firebase-functions'
[info] Serving at port 8431

[debug] [2025-02-15T01:48:56.664Z] Got response from /__/functions.yaml {"endpoints":{"addUser":{"availableMemoryMb":null,"timeoutSeconds":null,"minInstances":null,"maxInstances":null,"ingressSettings":null,"concurrency":null,"serviceAccountEmail":null,"vpc":null,"platform":"gcfv2","labels":{},"httpsTrigger":{},"entryPoint":"addUser"}},"specVersion":"v1alpha1","requiredAPIs":[],"extensions":{}}
[debug] [2025-02-15T01:48:58.677Z] File /home/german/Archives/date-in-latam/functions/src/addUser.ts changed, reloading triggers {"metadata":{"emulator":{"name":"functions"},"message":"File /home/german/Archives/date-in-latam/functions/src/addUser.ts changed, reloading triggers"}}
[debug] [2025-02-15T01:48:59.678Z] Validating nodejs source
[warn] ⚠  functions: package.json indicates an outdated version of firebase-functions. Please upgrade using npm install --save firebase-functions@latest in your functions directory. 
[debug] [2025-02-15T01:49:01.009Z] > [functions] package.json contents: {
  "name": "functions",
  "scripts": {
    "lint": "eslint --ext .js,.ts .",
    "build": "tsc",
    "build:watch": "tsc --watch",
    "serve": "npm run build && firebase emulators:start --only functions",
    "shell": "npm run build && firebase functions:shell",
    "start": "npm run shell",
    "deploy": "firebase deploy --only functions",
    "logs": "firebase functions:log"
  },
  "engines": {
    "node": "22"
  },
  "main": "lib/index.js",
  "dependencies": {
    "firebase-admin": "^12.6.0",
    "firebase-functions": "^6.0.1"
  },
  "devDependencies": {
    "@typescript-eslint/eslint-plugin": "^5.12.0",
    "@typescript-eslint/parser": "^5.12.0",
    "eslint": "^8.9.0",
    "eslint-config-google": "^0.14.0",
    "eslint-plugin-import": "^2.25.4",
    "firebase-functions-test": "^3.1.0",
    "typescript": "^4.9.0"
  },
  "private": true
}
[debug] [2025-02-15T01:49:01.009Z] Building nodejs source
[debug] [2025-02-15T01:49:01.010Z] Failed to find version of module node: reached end of search path /home/german/Archives/date-in-latam/functions/node_modules
[warn] ⚠  functions: Your requested "node" version "22" doesn't match your global version "20". Using node@20 from host. 
[debug] [2025-02-15T01:49:01.011Z] Could not find functions.yaml. Must use http discovery
[debug] [2025-02-15T01:49:01.014Z] Found firebase-functions binary at '/home/german/Archives/date-in-latam/functions/node_modules/.bin/firebase-functions'
[info] Serving at port 8135

[debug] [2025-02-15T01:49:01.387Z] Got response from /__/functions.yaml {"endpoints":{"addUser":{"availableMemoryMb":null,"timeoutSeconds":null,"minInstances":null,"maxInstances":null,"ingressSettings":null,"concurrency":null,"serviceAccountEmail":null,"vpc":null,"platform":"gcfv2","labels":{},"httpsTrigger":{},"entryPoint":"addUser"}},"specVersion":"v1alpha1","requiredAPIs":[],"extensions":{}}
[info] ✔  functions: Loaded functions definitions from source: addUser. {"metadata":{"emulator":{"name":"functions"},"message":"Loaded functions definitions from source: addUser."}}
[debug] [2025-02-15T01:49:02.144Z] File /home/german/Archives/date-in-latam/functions/src/addUser.ts changed, reloading triggers {"metadata":{"emulator":{"name":"functions"},"message":"File /home/german/Archives/date-in-latam/functions/src/addUser.ts changed, reloading triggers"}}
[debug] [2025-02-15T01:49:03.145Z] Validating nodejs source
[warn] ⚠  functions: package.json indicates an outdated version of firebase-functions. Please upgrade using npm install --save firebase-functions@latest in your functions directory. 
[debug] [2025-02-15T01:49:04.356Z] > [functions] package.json contents: {
  "name": "functions",
  "scripts": {
    "lint": "eslint --ext .js,.ts .",
    "build": "tsc",
    "build:watch": "tsc --watch",
    "serve": "npm run build && firebase emulators:start --only functions",
    "shell": "npm run build && firebase functions:shell",
    "start": "npm run shell",
    "deploy": "firebase deploy --only functions",
    "logs": "firebase functions:log"
  },
  "engines": {
    "node": "22"
  },
  "main": "lib/index.js",
  "dependencies": {
    "firebase-admin": "^12.6.0",
    "firebase-functions": "^6.0.1"
  },
  "devDependencies": {
    "@typescript-eslint/eslint-plugin": "^5.12.0",
    "@typescript-eslint/parser": "^5.12.0",
    "eslint": "^8.9.0",
    "eslint-config-google": "^0.14.0",
    "eslint-plugin-import": "^2.25.4",
    "firebase-functions-test": "^3.1.0",
    "typescript": "^4.9.0"
  },
  "private": true
}
[debug] [2025-02-15T01:49:04.356Z] Building nodejs source
[debug] [2025-02-15T01:49:04.356Z] Failed to find version of module node: reached end of search path /home/german/Archives/date-in-latam/functions/node_modules
[warn] ⚠  functions: Your requested "node" version "22" doesn't match your global version "20". Using node@20 from host. 
[debug] [2025-02-15T01:49:04.357Z] Could not find functions.yaml. Must use http discovery
[debug] [2025-02-15T01:49:04.358Z] Found firebase-functions binary at '/home/german/Archives/date-in-latam/functions/node_modules/.bin/firebase-functions'
[info] Serving at port 8454

[debug] [2025-02-15T01:49:04.624Z] Got response from /__/functions.yaml {"endpoints":{"addUser":{"availableMemoryMb":null,"timeoutSeconds":null,"minInstances":null,"maxInstances":null,"ingressSettings":null,"concurrency":null,"serviceAccountEmail":null,"vpc":null,"platform":"gcfv2","labels":{},"httpsTrigger":{},"entryPoint":"addUser"}},"specVersion":"v1alpha1","requiredAPIs":[],"extensions":{}}
[info] ✔  functions: Loaded functions definitions from source: addUser. {"metadata":{"emulator":{"name":"functions"},"message":"Loaded functions definitions from source: addUser."}}
[info] ✔  functions: Loaded functions definitions from source: addUser. {"metadata":{"emulator":{"name":"functions"},"message":"Loaded functions definitions from source: addUser."}}
[debug] [2025-02-15T01:49:10.591Z] File /home/german/Archives/date-in-latam/functions/src/addUser.ts changed, reloading triggers {"metadata":{"emulator":{"name":"functions"},"message":"File /home/german/Archives/date-in-latam/functions/src/addUser.ts changed, reloading triggers"}}
[debug] [2025-02-15T01:49:11.592Z] Validating nodejs source
[warn] ⚠  functions: package.json indicates an outdated version of firebase-functions. Please upgrade using npm install --save firebase-functions@latest in your functions directory. 
[debug] [2025-02-15T01:49:12.736Z] > [functions] package.json contents: {
  "name": "functions",
  "scripts": {
    "lint": "eslint --ext .js,.ts .",
    "build": "tsc",
    "build:watch": "tsc --watch",
    "serve": "npm run build && firebase emulators:start --only functions",
    "shell": "npm run build && firebase functions:shell",
    "start": "npm run shell",
    "deploy": "firebase deploy --only functions",
    "logs": "firebase functions:log"
  },
  "engines": {
    "node": "22"
  },
  "main": "lib/index.js",
  "dependencies": {
    "firebase-admin": "^12.6.0",
    "firebase-functions": "^6.0.1"
  },
  "devDependencies": {
    "@typescript-eslint/eslint-plugin": "^5.12.0",
    "@typescript-eslint/parser": "^5.12.0",
    "eslint": "^8.9.0",
    "eslint-config-google": "^0.14.0",
    "eslint-plugin-import": "^2.25.4",
    "firebase-functions-test": "^3.1.0",
    "typescript": "^4.9.0"
  },
  "private": true
}
[debug] [2025-02-15T01:49:12.736Z] Building nodejs source
[debug] [2025-02-15T01:49:12.737Z] Failed to find version of module node: reached end of search path /home/german/Archives/date-in-latam/functions/node_modules
[warn] ⚠  functions: Your requested "node" version "22" doesn't match your global version "20". Using node@20 from host. 
[debug] [2025-02-15T01:49:12.737Z] Could not find functions.yaml. Must use http discovery
[debug] [2025-02-15T01:49:12.739Z] Found firebase-functions binary at '/home/german/Archives/date-in-latam/functions/node_modules/.bin/firebase-functions'
[info] Serving at port 8748

[debug] [2025-02-15T01:49:13.061Z] Got response from /__/functions.yaml {"endpoints":{"addUser":{"availableMemoryMb":null,"timeoutSeconds":null,"minInstances":null,"maxInstances":null,"ingressSettings":null,"concurrency":null,"serviceAccountEmail":null,"vpc":null,"platform":"gcfv2","labels":{},"httpsTrigger":{},"entryPoint":"addUser"}},"specVersion":"v1alpha1","requiredAPIs":[],"extensions":{}}
[debug] [2025-02-15T01:49:14.696Z] File /home/german/Archives/date-in-latam/functions/src/addUser.ts changed, reloading triggers {"metadata":{"emulator":{"name":"functions"},"message":"File /home/german/Archives/date-in-latam/functions/src/addUser.ts changed, reloading triggers"}}
[debug] [2025-02-15T01:49:15.697Z] Validating nodejs source
[warn] ⚠  functions: package.json indicates an outdated version of firebase-functions. Please upgrade using npm install --save firebase-functions@latest in your functions directory. 
[debug] [2025-02-15T01:49:16.929Z] > [functions] package.json contents: {
  "name": "functions",
  "scripts": {
    "lint": "eslint --ext .js,.ts .",
    "build": "tsc",
    "build:watch": "tsc --watch",
    "serve": "npm run build && firebase emulators:start --only functions",
    "shell": "npm run build && firebase functions:shell",
    "start": "npm run shell",
    "deploy": "firebase deploy --only functions",
    "logs": "firebase functions:log"
  },
  "engines": {
    "node": "22"
  },
  "main": "lib/index.js",
  "dependencies": {
    "firebase-admin": "^12.6.0",
    "firebase-functions": "^6.0.1"
  },
  "devDependencies": {
    "@typescript-eslint/eslint-plugin": "^5.12.0",
    "@typescript-eslint/parser": "^5.12.0",
    "eslint": "^8.9.0",
    "eslint-config-google": "^0.14.0",
    "eslint-plugin-import": "^2.25.4",
    "firebase-functions-test": "^3.1.0",
    "typescript": "^4.9.0"
  },
  "private": true
}
[debug] [2025-02-15T01:49:16.929Z] Building nodejs source
[debug] [2025-02-15T01:49:16.929Z] Failed to find version of module node: reached end of search path /home/german/Archives/date-in-latam/functions/node_modules
[warn] ⚠  functions: Your requested "node" version "22" doesn't match your global version "20". Using node@20 from host. 
[debug] [2025-02-15T01:49:16.930Z] Could not find functions.yaml. Must use http discovery
[debug] [2025-02-15T01:49:16.931Z] Found firebase-functions binary at '/home/german/Archives/date-in-latam/functions/node_modules/.bin/firebase-functions'
[info] Serving at port 8100

[debug] [2025-02-15T01:49:17.215Z] Got response from /__/functions.yaml {"endpoints":{"addUser":{"availableMemoryMb":null,"timeoutSeconds":null,"minInstances":null,"maxInstances":null,"ingressSettings":null,"concurrency":null,"serviceAccountEmail":null,"vpc":null,"platform":"gcfv2","labels":{},"httpsTrigger":{},"entryPoint":"addUser"}},"specVersion":"v1alpha1","requiredAPIs":[],"extensions":{}}
[info] ✔  functions: Loaded functions definitions from source: addUser. {"metadata":{"emulator":{"name":"functions"},"message":"Loaded functions definitions from source: addUser."}}
[info] ✔  functions: Loaded functions definitions from source: addUser. {"metadata":{"emulator":{"name":"functions"},"message":"Loaded functions definitions from source: addUser."}}
[debug] [2025-02-15T01:51:36.806Z] [work-queue] {"queuedWork":["/date-in-latam/us-central1/addUser-2025-02-15T01:51:36.806Z"],"queueLength":1,"runningWork":[],"workRunningCount":0}
[debug] [2025-02-15T01:51:36.807Z] [work-queue] {"queuedWork":[],"queueLength":0,"runningWork":["/date-in-latam/us-central1/addUser-2025-02-15T01:51:36.806Z"],"workRunningCount":1}
[debug] [2025-02-15T01:51:36.807Z] Accepted request GET /date-in-latam/us-central1/addUser --> us-central1-addUser
[debug] [2025-02-15T01:51:36.809Z] [functions] Runtime ready! Sending request! {"metadata":{"emulator":{"name":"functions"},"message":"[functions] Runtime ready! Sending request!"}}
[debug] [2025-02-15T01:51:36.809Z] [functions] Got req.url=/date-in-latam/us-central1/addUser, mapping to path=/ {"metadata":{"emulator":{"name":"functions"},"message":"[functions] Got req.url=/date-in-latam/us-central1/addUser, mapping to path=/"}}
[debug] [2025-02-15T01:51:36.809Z] [worker-pool] Cleaned up workers for us-central1-addUser: 1 --> 0 {"metadata":{"emulator":{"name":"functions"},"message":"[worker-pool] Cleaned up workers for us-central1-addUser: 1 --> 0"}}
[debug] [2025-02-15T01:51:36.814Z] [worker-pool] addWorker(us-central1-addUser) {"metadata":{"emulator":{"name":"functions"},"message":"[worker-pool] addWorker(us-central1-addUser)"}}
[debug] [2025-02-15T01:51:36.815Z] [worker-pool] Adding worker with key us-central1-addUser, total=1 {"metadata":{"emulator":{"name":"functions"},"message":"[worker-pool] Adding worker with key us-central1-addUser, total=1"}}
[debug] [2025-02-15T01:51:38.674Z] [runtime-status] [76978] Resolved module firebase-admin {"declared":true,"installed":true,"version":"12.7.0","resolution":"/home/german/Archives/date-in-latam/functions/node_modules/firebase-admin/lib/index.js"} {"metadata":{"emulator":{"name":"functions"},"function":{"name":"us-central1-addUser"},"extension":{},"message":"[runtime-status] [76978] Resolved module firebase-admin {\"declared\":true,\"installed\":true,\"version\":\"12.7.0\",\"resolution\":\"/home/german/Archives/date-in-latam/functions/node_modules/firebase-admin/lib/index.js\"}"}}
[debug] [2025-02-15T01:51:38.682Z] [runtime-status] [76978] Resolved module firebase-functions {"declared":true,"installed":true,"version":"6.2.0","resolution":"/home/german/Archives/date-in-latam/functions/node_modules/firebase-functions/lib/v2/index.js"} {"metadata":{"emulator":{"name":"functions"},"function":{"name":"us-central1-addUser"},"extension":{},"message":"[runtime-status] [76978] Resolved module firebase-functions {\"declared\":true,\"installed\":true,\"version\":\"6.2.0\",\"resolution\":\"/home/german/Archives/date-in-latam/functions/node_modules/firebase-functions/lib/v2/index.js\"}"}}
[debug] [2025-02-15T01:51:38.683Z] [runtime-status] [76978] Outgoing network have been stubbed. [{"name":"http","status":"mocked"},{"name":"http","status":"mocked"},{"name":"https","status":"mocked"},{"name":"https","status":"mocked"},{"name":"net","status":"mocked"}] {"metadata":{"emulator":{"name":"functions"},"function":{"name":"us-central1-addUser"},"extension":{},"message":"[runtime-status] [76978] Outgoing network have been stubbed. [{\"name\":\"http\",\"status\":\"mocked\"},{\"name\":\"http\",\"status\":\"mocked\"},{\"name\":\"https\",\"status\":\"mocked\"},{\"name\":\"https\",\"status\":\"mocked\"},{\"name\":\"net\",\"status\":\"mocked\"}]"}}
[debug] [2025-02-15T01:51:38.684Z] [runtime-status] [76978] Resolved module firebase-functions {"declared":true,"installed":true,"version":"6.2.0","resolution":"/home/german/Archives/date-in-latam/functions/node_modules/firebase-functions/lib/v2/index.js"} {"metadata":{"emulator":{"name":"functions"},"function":{"name":"us-central1-addUser"},"extension":{},"message":"[runtime-status] [76978] Resolved module firebase-functions {\"declared\":true,\"installed\":true,\"version\":\"6.2.0\",\"resolution\":\"/home/german/Archives/date-in-latam/functions/node_modules/firebase-functions/lib/v2/index.js\"}"}}
[debug] [2025-02-15T01:51:38.994Z] [runtime-status] [76978] Checked functions.config() {"config":{}} {"metadata":{"emulator":{"name":"functions"},"function":{"name":"us-central1-addUser"},"extension":{},"message":"[runtime-status] [76978] Checked functions.config() {\"config\":{}}"}}
[debug] [2025-02-15T01:51:38.994Z] [runtime-status] [76978] firebase-functions has been stubbed. {"functionsResolution":{"declared":true,"installed":true,"version":"6.2.0","resolution":"/home/german/Archives/date-in-latam/functions/node_modules/firebase-functions/lib/v2/index.js"}} {"metadata":{"emulator":{"name":"functions"},"function":{"name":"us-central1-addUser"},"extension":{},"message":"[runtime-status] [76978] firebase-functions has been stubbed. {\"functionsResolution\":{\"declared\":true,\"installed\":true,\"version\":\"6.2.0\",\"resolution\":\"/home/german/Archives/date-in-latam/functions/node_modules/firebase-functions/lib/v2/index.js\"}}"}}
[debug] [2025-02-15T01:51:38.995Z] [runtime-status] [76978] Resolved module firebase-functions {"declared":true,"installed":true,"version":"6.2.0","resolution":"/home/german/Archives/date-in-latam/functions/node_modules/firebase-functions/lib/v2/index.js"} {"metadata":{"emulator":{"name":"functions"},"function":{"name":"us-central1-addUser"},"extension":{},"message":"[runtime-status] [76978] Resolved module firebase-functions {\"declared\":true,\"installed\":true,\"version\":\"6.2.0\",\"resolution\":\"/home/german/Archives/date-in-latam/functions/node_modules/firebase-functions/lib/v2/index.js\"}"}}
[debug] [2025-02-15T01:51:38.998Z] [runtime-status] [76978] Resolved module firebase-admin {"declared":true,"installed":true,"version":"12.7.0","resolution":"/home/german/Archives/date-in-latam/functions/node_modules/firebase-admin/lib/index.js"} {"metadata":{"emulator":{"name":"functions"},"function":{"name":"us-central1-addUser"},"extension":{},"message":"[runtime-status] [76978] Resolved module firebase-admin {\"declared\":true,\"installed\":true,\"version\":\"12.7.0\",\"resolution\":\"/home/german/Archives/date-in-latam/functions/node_modules/firebase-admin/lib/index.js\"}"}}
[debug] [2025-02-15T01:51:39.000Z] [runtime-status] [76978] Resolved module firebase-functions {"declared":true,"installed":true,"version":"6.2.0","resolution":"/home/german/Archives/date-in-latam/functions/node_modules/firebase-functions/lib/v2/index.js"} {"metadata":{"emulator":{"name":"functions"},"function":{"name":"us-central1-addUser"},"extension":{},"message":"[runtime-status] [76978] Resolved module firebase-functions {\"declared\":true,\"installed\":true,\"version\":\"6.2.0\",\"resolution\":\"/home/german/Archives/date-in-latam/functions/node_modules/firebase-functions/lib/v2/index.js\"}"}}
[debug] [2025-02-15T01:51:39.001Z] [runtime-status] [76978] firebase-admin has been stubbed. {"adminResolution":{"declared":true,"installed":true,"version":"12.7.0","resolution":"/home/german/Archives/date-in-latam/functions/node_modules/firebase-admin/lib/index.js"}} {"metadata":{"emulator":{"name":"functions"},"function":{"name":"us-central1-addUser"},"extension":{},"message":"[runtime-status] [76978] firebase-admin has been stubbed. {\"adminResolution\":{\"declared\":true,\"installed\":true,\"version\":\"12.7.0\",\"resolution\":\"/home/german/Archives/date-in-latam/functions/node_modules/firebase-admin/lib/index.js\"}}"}}
[debug] [2025-02-15T01:51:39.003Z] [runtime-status] [76978] initializeApp(DEFAULT) {"storageBucket":"date-in-latam.firebasestorage.app","projectId":"date-in-latam"} {"metadata":{"emulator":{"name":"functions"},"function":{"name":"us-central1-addUser"},"extension":{},"message":"[runtime-status] [76978] initializeApp(DEFAULT) {\"storageBucket\":\"date-in-latam.firebasestorage.app\",\"projectId\":\"date-in-latam\"}"}}
[debug] [2025-02-15T01:51:39.011Z] [runtime-status] [76978] Functions runtime initialized. {"cwd":"/home/german/Archives/date-in-latam/functions","node_version":"20.14.0"} {"metadata":{"emulator":{"name":"functions"},"function":{"name":"us-central1-addUser"},"extension":{},"message":"[runtime-status] [76978] Functions runtime initialized. {\"cwd\":\"/home/german/Archives/date-in-latam/functions\",\"node_version\":\"20.14.0\"}"}}
[debug] [2025-02-15T01:51:39.012Z] [runtime-status] [76978] Listening to port: /tmp/fire_emu_ec8ae8ed2b338b0f.sock {"metadata":{"emulator":{"name":"functions"},"function":{"name":"us-central1-addUser"},"extension":{},"message":"[runtime-status] [76978] Listening to port: /tmp/fire_emu_ec8ae8ed2b338b0f.sock"}}
[debug] [2025-02-15T01:51:39.046Z] [worker-us-central1-addUser-f14021d6-af43-4738-a3a8-1ff4ac801b76]: IDLE {"metadata":{"emulator":{"name":"functions"},"function":{"name":"us-central1-addUser"},"extension":{},"message":"[worker-us-central1-addUser-f14021d6-af43-4738-a3a8-1ff4ac801b76]: IDLE"}}
[debug] [2025-02-15T01:51:39.046Z] [worker-pool] submitRequest(triggerId=us-central1-addUser) {"metadata":{"emulator":{"name":"functions"},"message":"[worker-pool] submitRequest(triggerId=us-central1-addUser)"}}
[info] i  functions: Beginning execution of "us-central1-addUser" {"metadata":{"emulator":{"name":"functions"},"function":{"name":"us-central1-addUser"},"extension":{},"message":"Beginning execution of \"us-central1-addUser\""}}
[debug] [2025-02-15T01:51:39.047Z] [worker-us-central1-addUser-f14021d6-af43-4738-a3a8-1ff4ac801b76]: BUSY {"metadata":{"emulator":{"name":"functions"},"function":{"name":"us-central1-addUser"},"extension":{},"message":"[worker-us-central1-addUser-f14021d6-af43-4738-a3a8-1ff4ac801b76]: BUSY"}}
[info] >  [Function: bound fn] {"user":"[Function: bound fn]","metadata":{"emulator":{"name":"functions"},"function":{"name":"us-central1-addUser"},"extension":{},"message":"\u001b[90m> \u001b[39m [Function: bound fn]"}}
[debug] [2025-02-15T01:51:39.054Z] Finishing up request with event=pause {"metadata":{"emulator":{"name":"functions"},"function":{"name":"us-central1-addUser"},"extension":{},"message":"Finishing up request with event=pause"}}
[info] i  functions: Finished "us-central1-addUser" in 7.199338ms {"metadata":{"emulator":{"name":"functions"},"function":{"name":"us-central1-addUser"},"extension":{},"message":"Finished \"us-central1-addUser\" in 7.199338ms"}}
[debug] [2025-02-15T01:51:39.055Z] [worker-us-central1-addUser-f14021d6-af43-4738-a3a8-1ff4ac801b76]: IDLE {"metadata":{"emulator":{"name":"functions"},"function":{"name":"us-central1-addUser"},"extension":{},"message":"[worker-us-central1-addUser-f14021d6-af43-4738-a3a8-1ff4ac801b76]: IDLE"}}
[debug] [2025-02-15T01:51:39.055Z] Finishing up request with event=finish {"metadata":{"emulator":{"name":"functions"},"function":{"name":"us-central1-addUser"},"extension":{},"message":"Finishing up request with event=finish"}}
[debug] [2025-02-15T01:51:39.055Z] Finishing up request with event=close {"metadata":{"emulator":{"name":"functions"},"function":{"name":"us-central1-addUser"},"extension":{},"message":"Finishing up request with event=close"}}
[debug] [2025-02-15T01:51:39.056Z] [work-queue] {"queuedWork":[],"queueLength":0,"runningWork":[],"workRunningCount":0}
[debug] [2025-02-15T01:52:19.445Z] [work-queue] {"queuedWork":["/date-in-latam/us-central1/addUser-2025-02-15T01:52:19.445Z"],"queueLength":1,"runningWork":[],"workRunningCount":0}
[debug] [2025-02-15T01:52:19.445Z] [work-queue] {"queuedWork":[],"queueLength":0,"runningWork":["/date-in-latam/us-central1/addUser-2025-02-15T01:52:19.445Z"],"workRunningCount":1}
[debug] [2025-02-15T01:52:19.445Z] Accepted request GET /date-in-latam/us-central1/addUser --> us-central1-addUser
[debug] [2025-02-15T01:52:19.446Z] [functions] Runtime ready! Sending request! {"metadata":{"emulator":{"name":"functions"},"message":"[functions] Runtime ready! Sending request!"}}
[debug] [2025-02-15T01:52:19.446Z] [functions] Got req.url=/date-in-latam/us-central1/addUser, mapping to path=/ {"metadata":{"emulator":{"name":"functions"},"message":"[functions] Got req.url=/date-in-latam/us-central1/addUser, mapping to path=/"}}
[debug] [2025-02-15T01:52:19.446Z] [worker-pool] submitRequest(triggerId=us-central1-addUser) {"metadata":{"emulator":{"name":"functions"},"message":"[worker-pool] submitRequest(triggerId=us-central1-addUser)"}}
[info] i  functions: Beginning execution of "us-central1-addUser" {"metadata":{"emulator":{"name":"functions"},"function":{"name":"us-central1-addUser"},"extension":{},"message":"Beginning execution of \"us-central1-addUser\""}}
[debug] [2025-02-15T01:52:19.446Z] [worker-us-central1-addUser-f14021d6-af43-4738-a3a8-1ff4ac801b76]: BUSY {"metadata":{"emulator":{"name":"functions"},"function":{"name":"us-central1-addUser"},"extension":{},"message":"[worker-us-central1-addUser-f14021d6-af43-4738-a3a8-1ff4ac801b76]: BUSY"}}
[info] >  [Function: bound fn] {"user":"[Function: bound fn]","metadata":{"emulator":{"name":"functions"},"function":{"name":"us-central1-addUser"},"extension":{},"message":"\u001b[90m> \u001b[39m [Function: bound fn]"}}
[debug] [2025-02-15T01:52:19.450Z] Finishing up request with event=pause {"metadata":{"emulator":{"name":"functions"},"function":{"name":"us-central1-addUser"},"extension":{},"message":"Finishing up request with event=pause"}}
[info] i  functions: Finished "us-central1-addUser" in 4.216419ms {"metadata":{"emulator":{"name":"functions"},"function":{"name":"us-central1-addUser"},"extension":{},"message":"Finished \"us-central1-addUser\" in 4.216419ms"}}
[debug] [2025-02-15T01:52:19.451Z] [worker-us-central1-addUser-f14021d6-af43-4738-a3a8-1ff4ac801b76]: IDLE {"metadata":{"emulator":{"name":"functions"},"function":{"name":"us-central1-addUser"},"extension":{},"message":"[worker-us-central1-addUser-f14021d6-af43-4738-a3a8-1ff4ac801b76]: IDLE"}}
[debug] [2025-02-15T01:52:19.451Z] Finishing up request with event=finish {"metadata":{"emulator":{"name":"functions"},"function":{"name":"us-central1-addUser"},"extension":{},"message":"Finishing up request with event=finish"}}
[debug] [2025-02-15T01:52:19.451Z] Finishing up request with event=close {"metadata":{"emulator":{"name":"functions"},"function":{"name":"us-central1-addUser"},"extension":{},"message":"Finishing up request with event=close"}}
[debug] [2025-02-15T01:52:19.452Z] [work-queue] {"queuedWork":[],"queueLength":0,"runningWork":[],"workRunningCount":0}
[debug] [2025-02-15T01:53:56.564Z] File /home/german/Archives/date-in-latam/functions/src/addUser.ts changed, reloading triggers {"metadata":{"emulator":{"name":"functions"},"message":"File /home/german/Archives/date-in-latam/functions/src/addUser.ts changed, reloading triggers"}}
[debug] [2025-02-15T01:53:57.566Z] Validating nodejs source
[warn] ⚠  functions: package.json indicates an outdated version of firebase-functions. Please upgrade using npm install --save firebase-functions@latest in your functions directory. 
[debug] [2025-02-15T01:53:59.358Z] > [functions] package.json contents: {
  "name": "functions",
  "scripts": {
    "lint": "eslint --ext .js,.ts .",
    "build": "tsc",
    "build:watch": "tsc --watch",
    "serve": "npm run build && firebase emulators:start --only functions",
    "shell": "npm run build && firebase functions:shell",
    "start": "npm run shell",
    "deploy": "firebase deploy --only functions",
    "logs": "firebase functions:log"
  },
  "engines": {
    "node": "22"
  },
  "main": "lib/index.js",
  "dependencies": {
    "firebase-admin": "^12.6.0",
    "firebase-functions": "^6.0.1"
  },
  "devDependencies": {
    "@typescript-eslint/eslint-plugin": "^5.12.0",
    "@typescript-eslint/parser": "^5.12.0",
    "eslint": "^8.9.0",
    "eslint-config-google": "^0.14.0",
    "eslint-plugin-import": "^2.25.4",
    "firebase-functions-test": "^3.1.0",
    "typescript": "^4.9.0"
  },
  "private": true
}
[debug] [2025-02-15T01:53:59.359Z] Building nodejs source
[debug] [2025-02-15T01:53:59.359Z] Failed to find version of module node: reached end of search path /home/german/Archives/date-in-latam/functions/node_modules
[warn] ⚠  functions: Your requested "node" version "22" doesn't match your global version "20". Using node@20 from host. 
[debug] [2025-02-15T01:53:59.360Z] Could not find functions.yaml. Must use http discovery
[debug] [2025-02-15T01:53:59.364Z] Found firebase-functions binary at '/home/german/Archives/date-in-latam/functions/node_modules/.bin/firebase-functions'
[debug] [2025-02-15T01:53:59.370Z] File /home/german/Archives/date-in-latam/functions/src/addUser.ts changed, reloading triggers {"metadata":{"emulator":{"name":"functions"},"message":"File /home/german/Archives/date-in-latam/functions/src/addUser.ts changed, reloading triggers"}}
[info] Serving at port 8469

[debug] [2025-02-15T01:53:59.894Z] Got response from /__/functions.yaml {"endpoints":{"addUser":{"availableMemoryMb":null,"timeoutSeconds":null,"minInstances":null,"maxInstances":null,"ingressSettings":null,"concurrency":null,"serviceAccountEmail":null,"vpc":null,"platform":"gcfv2","labels":{},"httpsTrigger":{},"entryPoint":"addUser"}},"specVersion":"v1alpha1","requiredAPIs":[],"extensions":{}}
[debug] [2025-02-15T01:54:00.372Z] Validating nodejs source
[warn] ⚠  functions: package.json indicates an outdated version of firebase-functions. Please upgrade using npm install --save firebase-functions@latest in your functions directory. 
[debug] [2025-02-15T01:54:01.616Z] > [functions] package.json contents: {
  "name": "functions",
  "scripts": {
    "lint": "eslint --ext .js,.ts .",
    "build": "tsc",
    "build:watch": "tsc --watch",
    "serve": "npm run build && firebase emulators:start --only functions",
    "shell": "npm run build && firebase functions:shell",
    "start": "npm run shell",
    "deploy": "firebase deploy --only functions",
    "logs": "firebase functions:log"
  },
  "engines": {
    "node": "22"
  },
  "main": "lib/index.js",
  "dependencies": {
    "firebase-admin": "^12.6.0",
    "firebase-functions": "^6.0.1"
  },
  "devDependencies": {
    "@typescript-eslint/eslint-plugin": "^5.12.0",
    "@typescript-eslint/parser": "^5.12.0",
    "eslint": "^8.9.0",
    "eslint-config-google": "^0.14.0",
    "eslint-plugin-import": "^2.25.4",
    "firebase-functions-test": "^3.1.0",
    "typescript": "^4.9.0"
  },
  "private": true
}
[debug] [2025-02-15T01:54:01.616Z] Building nodejs source
[debug] [2025-02-15T01:54:01.616Z] Failed to find version of module node: reached end of search path /home/german/Archives/date-in-latam/functions/node_modules
[warn] ⚠  functions: Your requested "node" version "22" doesn't match your global version "20". Using node@20 from host. 
[debug] [2025-02-15T01:54:01.617Z] Could not find functions.yaml. Must use http discovery
[debug] [2025-02-15T01:54:01.618Z] Found firebase-functions binary at '/home/german/Archives/date-in-latam/functions/node_modules/.bin/firebase-functions'
[debug] [2025-02-15T01:54:01.623Z] [work-queue] {"queuedWork":["/date-in-latam/us-central1/addUser-2025-02-15T01:54:01.623Z"],"queueLength":1,"runningWork":[],"workRunningCount":0}
[debug] [2025-02-15T01:54:01.623Z] [work-queue] {"queuedWork":[],"queueLength":0,"runningWork":["/date-in-latam/us-central1/addUser-2025-02-15T01:54:01.623Z"],"workRunningCount":1}
[debug] [2025-02-15T01:54:01.623Z] Accepted request GET /date-in-latam/us-central1/addUser --> us-central1-addUser
[debug] [2025-02-15T01:54:01.624Z] [functions] Runtime ready! Sending request! {"metadata":{"emulator":{"name":"functions"},"message":"[functions] Runtime ready! Sending request!"}}
[debug] [2025-02-15T01:54:01.624Z] [functions] Got req.url=/date-in-latam/us-central1/addUser, mapping to path=/ {"metadata":{"emulator":{"name":"functions"},"message":"[functions] Got req.url=/date-in-latam/us-central1/addUser, mapping to path=/"}}
[debug] [2025-02-15T01:54:01.624Z] [worker-pool] submitRequest(triggerId=us-central1-addUser) {"metadata":{"emulator":{"name":"functions"},"message":"[worker-pool] submitRequest(triggerId=us-central1-addUser)"}}
[info] i  functions: Beginning execution of "us-central1-addUser" {"metadata":{"emulator":{"name":"functions"},"function":{"name":"us-central1-addUser"},"extension":{},"message":"Beginning execution of \"us-central1-addUser\""}}
[debug] [2025-02-15T01:54:01.624Z] [worker-us-central1-addUser-f14021d6-af43-4738-a3a8-1ff4ac801b76]: BUSY {"metadata":{"emulator":{"name":"functions"},"function":{"name":"us-central1-addUser"},"extension":{},"message":"[worker-us-central1-addUser-f14021d6-af43-4738-a3a8-1ff4ac801b76]: BUSY"}}
[info] >  [Function: bound fn] {"user":"[Function: bound fn]","metadata":{"emulator":{"name":"functions"},"function":{"name":"us-central1-addUser"},"extension":{},"message":"\u001b[90m> \u001b[39m [Function: bound fn]"}}
[debug] [2025-02-15T01:54:01.630Z] Finishing up request with event=pause {"metadata":{"emulator":{"name":"functions"},"function":{"name":"us-central1-addUser"},"extension":{},"message":"Finishing up request with event=pause"}}
[info] i  functions: Finished "us-central1-addUser" in 6.243948ms {"metadata":{"emulator":{"name":"functions"},"function":{"name":"us-central1-addUser"},"extension":{},"message":"Finished \"us-central1-addUser\" in 6.243948ms"}}
[debug] [2025-02-15T01:54:01.631Z] [worker-us-central1-addUser-f14021d6-af43-4738-a3a8-1ff4ac801b76]: IDLE {"metadata":{"emulator":{"name":"functions"},"function":{"name":"us-central1-addUser"},"extension":{},"message":"[worker-us-central1-addUser-f14021d6-af43-4738-a3a8-1ff4ac801b76]: IDLE"}}
[debug] [2025-02-15T01:54:01.631Z] Finishing up request with event=finish {"metadata":{"emulator":{"name":"functions"},"function":{"name":"us-central1-addUser"},"extension":{},"message":"Finishing up request with event=finish"}}
[debug] [2025-02-15T01:54:01.631Z] Finishing up request with event=close {"metadata":{"emulator":{"name":"functions"},"function":{"name":"us-central1-addUser"},"extension":{},"message":"Finishing up request with event=close"}}
[debug] [2025-02-15T01:54:01.632Z] [work-queue] {"queuedWork":[],"queueLength":0,"runningWork":[],"workRunningCount":0}
[info] Serving at port 8640

[debug] [2025-02-15T01:54:01.898Z] Got response from /__/functions.yaml {"endpoints":{"addUser":{"availableMemoryMb":null,"timeoutSeconds":null,"minInstances":null,"maxInstances":null,"ingressSettings":null,"concurrency":null,"serviceAccountEmail":null,"vpc":null,"platform":"gcfv2","labels":{},"httpsTrigger":{},"entryPoint":"addUser"}},"specVersion":"v1alpha1","requiredAPIs":[],"extensions":{}}
[info] ✔  functions: Loaded functions definitions from source: addUser. {"metadata":{"emulator":{"name":"functions"},"message":"Loaded functions definitions from source: addUser."}}
[debug] [2025-02-15T01:54:04.916Z] [worker-pool] Shutting down IDLE worker (us-central1-addUser) {"metadata":{"emulator":{"name":"functions"},"message":"[worker-pool] Shutting down IDLE worker (us-central1-addUser)"}}
[debug] [2025-02-15T01:54:04.917Z] [worker-us-central1-addUser-f14021d6-af43-4738-a3a8-1ff4ac801b76]: FINISHING {"metadata":{"emulator":{"name":"functions"},"function":{"name":"us-central1-addUser"},"extension":{},"message":"[worker-us-central1-addUser-f14021d6-af43-4738-a3a8-1ff4ac801b76]: FINISHING"}}
[debug] [2025-02-15T01:54:04.930Z] [worker-us-central1-addUser-f14021d6-af43-4738-a3a8-1ff4ac801b76]: exited {"metadata":{"emulator":{"name":"functions"},"function":{"name":"us-central1-addUser"},"extension":{},"message":"[worker-us-central1-addUser-f14021d6-af43-4738-a3a8-1ff4ac801b76]: exited"}}
[debug] [2025-02-15T01:54:04.931Z] [worker-us-central1-addUser-f14021d6-af43-4738-a3a8-1ff4ac801b76]: FINISHED {"metadata":{"emulator":{"name":"functions"},"function":{"name":"us-central1-addUser"},"extension":{},"message":"[worker-us-central1-addUser-f14021d6-af43-4738-a3a8-1ff4ac801b76]: FINISHED"}}
[info] ✔  functions: Loaded functions definitions from source: addUser. {"metadata":{"emulator":{"name":"functions"},"message":"Loaded functions definitions from source: addUser."}}
[debug] [2025-02-15T01:54:10.598Z] [work-queue] {"queuedWork":["/date-in-latam/us-central1/addUser-2025-02-15T01:54:10.598Z"],"queueLength":1,"runningWork":[],"workRunningCount":0}
[debug] [2025-02-15T01:54:10.599Z] [work-queue] {"queuedWork":[],"queueLength":0,"runningWork":["/date-in-latam/us-central1/addUser-2025-02-15T01:54:10.598Z"],"workRunningCount":1}
[debug] [2025-02-15T01:54:10.599Z] Accepted request GET /date-in-latam/us-central1/addUser --> us-central1-addUser
[debug] [2025-02-15T01:54:10.600Z] [functions] Runtime ready! Sending request! {"metadata":{"emulator":{"name":"functions"},"message":"[functions] Runtime ready! Sending request!"}}
[debug] [2025-02-15T01:54:10.601Z] [functions] Got req.url=/date-in-latam/us-central1/addUser, mapping to path=/ {"metadata":{"emulator":{"name":"functions"},"message":"[functions] Got req.url=/date-in-latam/us-central1/addUser, mapping to path=/"}}
[debug] [2025-02-15T01:54:10.601Z] [worker-pool] Cleaned up workers for us-central1-addUser: 1 --> 0 {"metadata":{"emulator":{"name":"functions"},"message":"[worker-pool] Cleaned up workers for us-central1-addUser: 1 --> 0"}}
[debug] [2025-02-15T01:54:10.607Z] [worker-pool] addWorker(us-central1-addUser) {"metadata":{"emulator":{"name":"functions"},"message":"[worker-pool] addWorker(us-central1-addUser)"}}
[debug] [2025-02-15T01:54:10.608Z] [worker-pool] Adding worker with key us-central1-addUser, total=1 {"metadata":{"emulator":{"name":"functions"},"message":"[worker-pool] Adding worker with key us-central1-addUser, total=1"}}
[debug] [2025-02-15T01:54:12.144Z] [runtime-status] [84046] Resolved module firebase-admin {"declared":true,"installed":true,"version":"12.7.0","resolution":"/home/german/Archives/date-in-latam/functions/node_modules/firebase-admin/lib/index.js"} {"metadata":{"emulator":{"name":"functions"},"function":{"name":"us-central1-addUser"},"extension":{},"message":"[runtime-status] [84046] Resolved module firebase-admin {\"declared\":true,\"installed\":true,\"version\":\"12.7.0\",\"resolution\":\"/home/german/Archives/date-in-latam/functions/node_modules/firebase-admin/lib/index.js\"}"}}
[debug] [2025-02-15T01:54:12.150Z] [runtime-status] [84046] Resolved module firebase-functions {"declared":true,"installed":true,"version":"6.2.0","resolution":"/home/german/Archives/date-in-latam/functions/node_modules/firebase-functions/lib/v2/index.js"} {"metadata":{"emulator":{"name":"functions"},"function":{"name":"us-central1-addUser"},"extension":{},"message":"[runtime-status] [84046] Resolved module firebase-functions {\"declared\":true,\"installed\":true,\"version\":\"6.2.0\",\"resolution\":\"/home/german/Archives/date-in-latam/functions/node_modules/firebase-functions/lib/v2/index.js\"}"}}
[debug] [2025-02-15T01:54:12.151Z] [runtime-status] [84046] Outgoing network have been stubbed. [{"name":"http","status":"mocked"},{"name":"http","status":"mocked"},{"name":"https","status":"mocked"},{"name":"https","status":"mocked"},{"name":"net","status":"mocked"}] {"metadata":{"emulator":{"name":"functions"},"function":{"name":"us-central1-addUser"},"extension":{},"message":"[runtime-status] [84046] Outgoing network have been stubbed. [{\"name\":\"http\",\"status\":\"mocked\"},{\"name\":\"http\",\"status\":\"mocked\"},{\"name\":\"https\",\"status\":\"mocked\"},{\"name\":\"https\",\"status\":\"mocked\"},{\"name\":\"net\",\"status\":\"mocked\"}]"}}
[debug] [2025-02-15T01:54:12.152Z] [runtime-status] [84046] Resolved module firebase-functions {"declared":true,"installed":true,"version":"6.2.0","resolution":"/home/german/Archives/date-in-latam/functions/node_modules/firebase-functions/lib/v2/index.js"} {"metadata":{"emulator":{"name":"functions"},"function":{"name":"us-central1-addUser"},"extension":{},"message":"[runtime-status] [84046] Resolved module firebase-functions {\"declared\":true,\"installed\":true,\"version\":\"6.2.0\",\"resolution\":\"/home/german/Archives/date-in-latam/functions/node_modules/firebase-functions/lib/v2/index.js\"}"}}
[debug] [2025-02-15T01:54:12.400Z] [runtime-status] [84046] Checked functions.config() {"config":{}} {"metadata":{"emulator":{"name":"functions"},"function":{"name":"us-central1-addUser"},"extension":{},"message":"[runtime-status] [84046] Checked functions.config() {\"config\":{}}"}}
[debug] [2025-02-15T01:54:12.401Z] [runtime-status] [84046] firebase-functions has been stubbed. {"functionsResolution":{"declared":true,"installed":true,"version":"6.2.0","resolution":"/home/german/Archives/date-in-latam/functions/node_modules/firebase-functions/lib/v2/index.js"}} {"metadata":{"emulator":{"name":"functions"},"function":{"name":"us-central1-addUser"},"extension":{},"message":"[runtime-status] [84046] firebase-functions has been stubbed. {\"functionsResolution\":{\"declared\":true,\"installed\":true,\"version\":\"6.2.0\",\"resolution\":\"/home/german/Archives/date-in-latam/functions/node_modules/firebase-functions/lib/v2/index.js\"}}"}}
[debug] [2025-02-15T01:54:12.401Z] [runtime-status] [84046] Resolved module firebase-functions {"declared":true,"installed":true,"version":"6.2.0","resolution":"/home/german/Archives/date-in-latam/functions/node_modules/firebase-functions/lib/v2/index.js"} {"metadata":{"emulator":{"name":"functions"},"function":{"name":"us-central1-addUser"},"extension":{},"message":"[runtime-status] [84046] Resolved module firebase-functions {\"declared\":true,\"installed\":true,\"version\":\"6.2.0\",\"resolution\":\"/home/german/Archives/date-in-latam/functions/node_modules/firebase-functions/lib/v2/index.js\"}"}}
[debug] [2025-02-15T01:54:12.405Z] [runtime-status] [84046] Resolved module firebase-admin {"declared":true,"installed":true,"version":"12.7.0","resolution":"/home/german/Archives/date-in-latam/functions/node_modules/firebase-admin/lib/index.js"} {"metadata":{"emulator":{"name":"functions"},"function":{"name":"us-central1-addUser"},"extension":{},"message":"[runtime-status] [84046] Resolved module firebase-admin {\"declared\":true,\"installed\":true,\"version\":\"12.7.0\",\"resolution\":\"/home/german/Archives/date-in-latam/functions/node_modules/firebase-admin/lib/index.js\"}"}}
[debug] [2025-02-15T01:54:12.406Z] [runtime-status] [84046] Resolved module firebase-functions {"declared":true,"installed":true,"version":"6.2.0","resolution":"/home/german/Archives/date-in-latam/functions/node_modules/firebase-functions/lib/v2/index.js"} {"metadata":{"emulator":{"name":"functions"},"function":{"name":"us-central1-addUser"},"extension":{},"message":"[runtime-status] [84046] Resolved module firebase-functions {\"declared\":true,\"installed\":true,\"version\":\"6.2.0\",\"resolution\":\"/home/german/Archives/date-in-latam/functions/node_modules/firebase-functions/lib/v2/index.js\"}"}}
[debug] [2025-02-15T01:54:12.406Z] [runtime-status] [84046] firebase-admin has been stubbed. {"adminResolution":{"declared":true,"installed":true,"version":"12.7.0","resolution":"/home/german/Archives/date-in-latam/functions/node_modules/firebase-admin/lib/index.js"}} {"metadata":{"emulator":{"name":"functions"},"function":{"name":"us-central1-addUser"},"extension":{},"message":"[runtime-status] [84046] firebase-admin has been stubbed. {\"adminResolution\":{\"declared\":true,\"installed\":true,\"version\":\"12.7.0\",\"resolution\":\"/home/german/Archives/date-in-latam/functions/node_modules/firebase-admin/lib/index.js\"}}"}}
[debug] [2025-02-15T01:54:12.408Z] [runtime-status] [84046] initializeApp(DEFAULT) {"storageBucket":"date-in-latam.firebasestorage.app","projectId":"date-in-latam"} {"metadata":{"emulator":{"name":"functions"},"function":{"name":"us-central1-addUser"},"extension":{},"message":"[runtime-status] [84046] initializeApp(DEFAULT) {\"storageBucket\":\"date-in-latam.firebasestorage.app\",\"projectId\":\"date-in-latam\"}"}}
[debug] [2025-02-15T01:54:12.414Z] [runtime-status] [84046] Functions runtime initialized. {"cwd":"/home/german/Archives/date-in-latam/functions","node_version":"20.14.0"} {"metadata":{"emulator":{"name":"functions"},"function":{"name":"us-central1-addUser"},"extension":{},"message":"[runtime-status] [84046] Functions runtime initialized. {\"cwd\":\"/home/german/Archives/date-in-latam/functions\",\"node_version\":\"20.14.0\"}"}}
[debug] [2025-02-15T01:54:12.414Z] [runtime-status] [84046] Listening to port: /tmp/fire_emu_2842c949551be18e.sock {"metadata":{"emulator":{"name":"functions"},"function":{"name":"us-central1-addUser"},"extension":{},"message":"[runtime-status] [84046] Listening to port: /tmp/fire_emu_2842c949551be18e.sock"}}
[debug] [2025-02-15T01:54:12.447Z] [worker-us-central1-addUser-c2135a5e-5f57-4d2a-b125-5f700e47f6bc]: IDLE {"metadata":{"emulator":{"name":"functions"},"function":{"name":"us-central1-addUser"},"extension":{},"message":"[worker-us-central1-addUser-c2135a5e-5f57-4d2a-b125-5f700e47f6bc]: IDLE"}}
[debug] [2025-02-15T01:54:12.448Z] [worker-pool] submitRequest(triggerId=us-central1-addUser) {"metadata":{"emulator":{"name":"functions"},"message":"[worker-pool] submitRequest(triggerId=us-central1-addUser)"}}
[info] i  functions: Beginning execution of "us-central1-addUser" {"metadata":{"emulator":{"name":"functions"},"function":{"name":"us-central1-addUser"},"extension":{},"message":"Beginning execution of \"us-central1-addUser\""}}
[debug] [2025-02-15T01:54:12.448Z] [worker-us-central1-addUser-c2135a5e-5f57-4d2a-b125-5f700e47f6bc]: BUSY {"metadata":{"emulator":{"name":"functions"},"function":{"name":"us-central1-addUser"},"extension":{},"message":"[worker-us-central1-addUser-c2135a5e-5f57-4d2a-b125-5f700e47f6bc]: BUSY"}}
[info] >  [Function: bound fn] {"user":"[Function: bound fn]","metadata":{"emulator":{"name":"functions"},"function":{"name":"us-central1-addUser"},"extension":{},"message":"\u001b[90m> \u001b[39m [Function: bound fn]"}}
[debug] [2025-02-15T01:54:12.455Z] Finishing up request with event=pause {"metadata":{"emulator":{"name":"functions"},"function":{"name":"us-central1-addUser"},"extension":{},"message":"Finishing up request with event=pause"}}
[info] i  functions: Finished "us-central1-addUser" in 7.499734ms {"metadata":{"emulator":{"name":"functions"},"function":{"name":"us-central1-addUser"},"extension":{},"message":"Finished \"us-central1-addUser\" in 7.499734ms"}}
[debug] [2025-02-15T01:54:12.456Z] [worker-us-central1-addUser-c2135a5e-5f57-4d2a-b125-5f700e47f6bc]: IDLE {"metadata":{"emulator":{"name":"functions"},"function":{"name":"us-central1-addUser"},"extension":{},"message":"[worker-us-central1-addUser-c2135a5e-5f57-4d2a-b125-5f700e47f6bc]: IDLE"}}
[debug] [2025-02-15T01:54:12.456Z] Finishing up request with event=finish {"metadata":{"emulator":{"name":"functions"},"function":{"name":"us-central1-addUser"},"extension":{},"message":"Finishing up request with event=finish"}}
[debug] [2025-02-15T01:54:12.456Z] Finishing up request with event=close {"metadata":{"emulator":{"name":"functions"},"function":{"name":"us-central1-addUser"},"extension":{},"message":"Finishing up request with event=close"}}
[debug] [2025-02-15T01:54:12.457Z] [work-queue] {"queuedWork":[],"queueLength":0,"runningWork":[],"workRunningCount":0}
[debug] [2025-02-15T01:55:04.245Z] [work-queue] {"queuedWork":["/date-in-latam/us-central1/addUser-2025-02-15T01:55:04.245Z"],"queueLength":1,"runningWork":[],"workRunningCount":0}
[debug] [2025-02-15T01:55:04.248Z] [work-queue] {"queuedWork":[],"queueLength":0,"runningWork":["/date-in-latam/us-central1/addUser-2025-02-15T01:55:04.245Z"],"workRunningCount":1}
[debug] [2025-02-15T01:55:04.248Z] Accepted request GET /date-in-latam/us-central1/addUser --> us-central1-addUser
[debug] [2025-02-15T01:55:04.249Z] [functions] Runtime ready! Sending request! {"metadata":{"emulator":{"name":"functions"},"message":"[functions] Runtime ready! Sending request!"}}
[debug] [2025-02-15T01:55:04.249Z] [functions] Got req.url=/date-in-latam/us-central1/addUser, mapping to path=/ {"metadata":{"emulator":{"name":"functions"},"message":"[functions] Got req.url=/date-in-latam/us-central1/addUser, mapping to path=/"}}
[debug] [2025-02-15T01:55:04.250Z] [worker-pool] submitRequest(triggerId=us-central1-addUser) {"metadata":{"emulator":{"name":"functions"},"message":"[worker-pool] submitRequest(triggerId=us-central1-addUser)"}}
[info] i  functions: Beginning execution of "us-central1-addUser" {"metadata":{"emulator":{"name":"functions"},"function":{"name":"us-central1-addUser"},"extension":{},"message":"Beginning execution of \"us-central1-addUser\""}}
[debug] [2025-02-15T01:55:04.250Z] [worker-us-central1-addUser-c2135a5e-5f57-4d2a-b125-5f700e47f6bc]: BUSY {"metadata":{"emulator":{"name":"functions"},"function":{"name":"us-central1-addUser"},"extension":{},"message":"[worker-us-central1-addUser-c2135a5e-5f57-4d2a-b125-5f700e47f6bc]: BUSY"}}
[info] >  [Function: bound fn] {"user":"[Function: bound fn]","metadata":{"emulator":{"name":"functions"},"function":{"name":"us-central1-addUser"},"extension":{},"message":"\u001b[90m> \u001b[39m [Function: bound fn]"}}
[debug] [2025-02-15T01:55:04.256Z] Finishing up request with event=pause {"metadata":{"emulator":{"name":"functions"},"function":{"name":"us-central1-addUser"},"extension":{},"message":"Finishing up request with event=pause"}}
[info] i  functions: Finished "us-central1-addUser" in 6.835883ms {"metadata":{"emulator":{"name":"functions"},"function":{"name":"us-central1-addUser"},"extension":{},"message":"Finished \"us-central1-addUser\" in 6.835883ms"}}
[debug] [2025-02-15T01:55:04.257Z] [worker-us-central1-addUser-c2135a5e-5f57-4d2a-b125-5f700e47f6bc]: IDLE {"metadata":{"emulator":{"name":"functions"},"function":{"name":"us-central1-addUser"},"extension":{},"message":"[worker-us-central1-addUser-c2135a5e-5f57-4d2a-b125-5f700e47f6bc]: IDLE"}}
[debug] [2025-02-15T01:55:04.258Z] Finishing up request with event=finish {"metadata":{"emulator":{"name":"functions"},"function":{"name":"us-central1-addUser"},"extension":{},"message":"Finishing up request with event=finish"}}
[debug] [2025-02-15T01:55:04.258Z] Finishing up request with event=close {"metadata":{"emulator":{"name":"functions"},"function":{"name":"us-central1-addUser"},"extension":{},"message":"Finishing up request with event=close"}}
[debug] [2025-02-15T01:55:04.258Z] [work-queue] {"queuedWork":[],"queueLength":0,"runningWork":[],"workRunningCount":0}
[debug] [2025-02-15T01:55:17.851Z] File /home/german/Archives/date-in-latam/functions/src/addUser.ts changed, reloading triggers {"metadata":{"emulator":{"name":"functions"},"message":"File /home/german/Archives/date-in-latam/functions/src/addUser.ts changed, reloading triggers"}}
[debug] [2025-02-15T01:55:18.852Z] Validating nodejs source
[warn] ⚠  functions: package.json indicates an outdated version of firebase-functions. Please upgrade using npm install --save firebase-functions@latest in your functions directory. 
[debug] [2025-02-15T01:55:20.096Z] > [functions] package.json contents: {
  "name": "functions",
  "scripts": {
    "lint": "eslint --ext .js,.ts .",
    "build": "tsc",
    "build:watch": "tsc --watch",
    "serve": "npm run build && firebase emulators:start --only functions",
    "shell": "npm run build && firebase functions:shell",
    "start": "npm run shell",
    "deploy": "firebase deploy --only functions",
    "logs": "firebase functions:log"
  },
  "engines": {
    "node": "22"
  },
  "main": "lib/index.js",
  "dependencies": {
    "firebase-admin": "^12.6.0",
    "firebase-functions": "^6.0.1"
  },
  "devDependencies": {
    "@typescript-eslint/eslint-plugin": "^5.12.0",
    "@typescript-eslint/parser": "^5.12.0",
    "eslint": "^8.9.0",
    "eslint-config-google": "^0.14.0",
    "eslint-plugin-import": "^2.25.4",
    "firebase-functions-test": "^3.1.0",
    "typescript": "^4.9.0"
  },
  "private": true
}
[debug] [2025-02-15T01:55:20.096Z] Building nodejs source
[debug] [2025-02-15T01:55:20.096Z] Failed to find version of module node: reached end of search path /home/german/Archives/date-in-latam/functions/node_modules
[warn] ⚠  functions: Your requested "node" version "22" doesn't match your global version "20". Using node@20 from host. 
[debug] [2025-02-15T01:55:20.097Z] Could not find functions.yaml. Must use http discovery
[debug] [2025-02-15T01:55:20.098Z] Found firebase-functions binary at '/home/german/Archives/date-in-latam/functions/node_modules/.bin/firebase-functions'
[info] Serving at port 8436

[debug] [2025-02-15T01:55:20.378Z] Got response from /__/functions.yaml {"endpoints":{"addUser":{"availableMemoryMb":null,"timeoutSeconds":null,"minInstances":null,"maxInstances":null,"ingressSettings":null,"concurrency":null,"serviceAccountEmail":null,"vpc":null,"platform":"gcfv2","labels":{},"httpsTrigger":{},"entryPoint":"addUser"}},"specVersion":"v1alpha1","requiredAPIs":[],"extensions":{}}
[debug] [2025-02-15T01:55:21.553Z] File /home/german/Archives/date-in-latam/functions/src/addUser.ts changed, reloading triggers {"metadata":{"emulator":{"name":"functions"},"message":"File /home/german/Archives/date-in-latam/functions/src/addUser.ts changed, reloading triggers"}}
[debug] [2025-02-15T01:55:22.554Z] Validating nodejs source
[warn] ⚠  functions: package.json indicates an outdated version of firebase-functions. Please upgrade using npm install --save firebase-functions@latest in your functions directory. 
[debug] [2025-02-15T01:55:23.795Z] > [functions] package.json contents: {
  "name": "functions",
  "scripts": {
    "lint": "eslint --ext .js,.ts .",
    "build": "tsc",
    "build:watch": "tsc --watch",
    "serve": "npm run build && firebase emulators:start --only functions",
    "shell": "npm run build && firebase functions:shell",
    "start": "npm run shell",
    "deploy": "firebase deploy --only functions",
    "logs": "firebase functions:log"
  },
  "engines": {
    "node": "22"
  },
  "main": "lib/index.js",
  "dependencies": {
    "firebase-admin": "^12.6.0",
    "firebase-functions": "^6.0.1"
  },
  "devDependencies": {
    "@typescript-eslint/eslint-plugin": "^5.12.0",
    "@typescript-eslint/parser": "^5.12.0",
    "eslint": "^8.9.0",
    "eslint-config-google": "^0.14.0",
    "eslint-plugin-import": "^2.25.4",
    "firebase-functions-test": "^3.1.0",
    "typescript": "^4.9.0"
  },
  "private": true
}
[debug] [2025-02-15T01:55:23.795Z] Building nodejs source
[debug] [2025-02-15T01:55:23.796Z] Failed to find version of module node: reached end of search path /home/german/Archives/date-in-latam/functions/node_modules
[warn] ⚠  functions: Your requested "node" version "22" doesn't match your global version "20". Using node@20 from host. 
[debug] [2025-02-15T01:55:23.797Z] Could not find functions.yaml. Must use http discovery
[debug] [2025-02-15T01:55:23.798Z] Found firebase-functions binary at '/home/german/Archives/date-in-latam/functions/node_modules/.bin/firebase-functions'
[info] Serving at port 8834

[debug] [2025-02-15T01:55:24.134Z] Got response from /__/functions.yaml {"endpoints":{"addUser":{"availableMemoryMb":null,"timeoutSeconds":null,"minInstances":null,"maxInstances":null,"ingressSettings":null,"concurrency":null,"serviceAccountEmail":null,"vpc":null,"platform":"gcfv2","labels":{},"httpsTrigger":{},"entryPoint":"addUser"}},"specVersion":"v1alpha1","requiredAPIs":[],"extensions":{}}
[info] ✔  functions: Loaded functions definitions from source: addUser. {"metadata":{"emulator":{"name":"functions"},"message":"Loaded functions definitions from source: addUser."}}
[debug] [2025-02-15T01:55:25.403Z] [worker-pool] Shutting down IDLE worker (us-central1-addUser) {"metadata":{"emulator":{"name":"functions"},"message":"[worker-pool] Shutting down IDLE worker (us-central1-addUser)"}}
[debug] [2025-02-15T01:55:25.403Z] [worker-us-central1-addUser-c2135a5e-5f57-4d2a-b125-5f700e47f6bc]: FINISHING {"metadata":{"emulator":{"name":"functions"},"function":{"name":"us-central1-addUser"},"extension":{},"message":"[worker-us-central1-addUser-c2135a5e-5f57-4d2a-b125-5f700e47f6bc]: FINISHING"}}
[debug] [2025-02-15T01:55:25.417Z] [worker-us-central1-addUser-c2135a5e-5f57-4d2a-b125-5f700e47f6bc]: exited {"metadata":{"emulator":{"name":"functions"},"function":{"name":"us-central1-addUser"},"extension":{},"message":"[worker-us-central1-addUser-c2135a5e-5f57-4d2a-b125-5f700e47f6bc]: exited"}}
[debug] [2025-02-15T01:55:25.417Z] [worker-us-central1-addUser-c2135a5e-5f57-4d2a-b125-5f700e47f6bc]: FINISHED {"metadata":{"emulator":{"name":"functions"},"function":{"name":"us-central1-addUser"},"extension":{},"message":"[worker-us-central1-addUser-c2135a5e-5f57-4d2a-b125-5f700e47f6bc]: FINISHED"}}
[info] ✔  functions: Loaded functions definitions from source: addUser. {"metadata":{"emulator":{"name":"functions"},"message":"Loaded functions definitions from source: addUser."}}
